[
{
  "model": "sessions.session",
  "pk": "0ajv15tu4dd2r2qpwyfwhctwt1o520kn",
  "fields": {
    "session_data": ".eJxVjssOwiAURP-FtSE8C3Tp3m8gF7ha1ICBNtEY_11rutDtnDOTeRIPyzz5pWPzOZGRWLL7zQLEC5YVpDOUU6WxlrnlQFeFbrTTQ0143W_u38AEffq0WUiMS-4cCObMIBlXcjDHaDE4FMlF6TDZIKPmVhtuhRYKZBRKRZM4fF917D3X4vF-y-1BRqGdYIy93snsP1c:1tZwhv:9tFpYMiNhTBlEPJ_kt9L0-OFruv6K2R6qWA5fAyQF4k",
    "expire_date": "2025-02-19T18:41:07.482Z"
  }
},
{
  "model": "sessions.session",
  "pk": "0oond7gwcwba6tummmgljv7t94zvtnam",
  "fields": {
    "session_data": ".eJxVjDsOAiEUAO9CbQj_B5b2ewbC5yGrBpJltzLe3ZBsoe3MZN7Eh2Ov_hi4-TWTKzHk8stiSE9sU-RHaPdOU2_7tkY6E3raQZee8XU7279BDaPObTHAwSawmnNji8yysITcyGKEZiWoyBwTPCKgddoKVBCAF5G0kswB-XwBwdg2yQ:1tWrFn:P9hn4Oi6MoW3n9um6jxYN15xLEedIXzUX3Hxttpn09I",
    "expire_date": "2025-01-26T06:15:19.052Z"
  }
},
{
  "model": "sessions.session",
  "pk": "0st9b9wiyhtzd36idjysijivmby2r7lt",
  "fields": {
    "session_data": ".eJxVjMsOwiAQRf-FtSGU8ihduvcbyMAMFjVgSptojP-uTbrQ7T3nnhfzsC6TXxvNPiMbWccOv1uAeKWyAbxAOVcea1nmHPim8J02fqpIt-Pu_gUmaNP37foIGE0fyCrTaymSESTJDgoHB6gsGJeiCjYmlSJQsJ1DnZJWGoxG2qKNWsu1eHrc8_xko9ROCiHeHzclQUs:1tT0Zi:HvWOx87m5KutITfq4JW6Ova98l6bhzPiTeZjffU5rv8",
    "expire_date": "2025-01-31T15:23:58.715Z"
  }
},
{
  "model": "sessions.session",
  "pk": "1w4lx8gkgtnlfi2aoi20x07sfjlwa5w2",
  "fields": {
    "session_data": ".eJxVjssOwiAURP-FtSE8C3Tp3m8gF7ha1ICBNtEY_11rutDtnDOTeRIPyzz5pWPzOZGRWLL7zQLEC5YVpDOUU6WxlrnlQFeFbrTTQ0143W_u38AEffq0WUiMS-4cCObMIBlXcjDHaDE4FMlF6TDZIKPmVhtuhRYKZBRKRZM4fF917D3X4vF-y-1BRqGdYIy93snsP1c:1tZvn9:jhQnHUnyBCrPkJenN42uG0F-5ad5WY_aR2QoTPVSnPI",
    "expire_date": "2025-02-19T17:42:27.471Z"
  }
},
{
  "model": "sessions.session",
  "pk": "20po6q2sx4nlysklbq2c16wla3qr9oko",
  "fields": {
    "session_data": ".eJxVjssOwiAURP-FtSE8C3Tp3m8gF7ha1ICBNtEY_11rutDtnDOTeRIPyzz5pWPzOZGRWLL7zQLEC5YVpDOUU6WxlrnlQFeFbrTTQ0143W_u38AEffq0WUiMS-4cCObMIBlXcjDHaDE4FMlF6TDZIKPmVhtuhRYKZBRKRZM4fF917D3X4vF-y-1BRqGdYIy93snsP1c:1tZvrB:A5--o4Qdpnhawp9uClLxGefaUcoa0wp55Dd6T2htt68",
    "expire_date": "2025-02-19T17:46:37.530Z"
  }
},
{
  "model": "sessions.session",
  "pk": "2q2jipn4iup2m4bfimeu46qi4oetkd2y",
  "fields": {
    "session_data": ".eJxVjssOwiAURP-FtSE8C3Tp3m8gF7ha1ICBNtEY_11rutDtnDOTeRIPyzz5pWPzOZGRWLL7zQLEC5YVpDOUU6WxlrnlQFeFbrTTQ0143W_u38AEffq0WUiMS-4cCObMIBlXcjDHaDE4FMlF6TDZIKPmVhtuhRYKZBRKRZM4fF917D3X4vF-y-1BRqGdYIy93snsP1c:1tZqhk:4vYWVNzxNUjwKs6Uohpy5GkUU8smBV7JLaF736eoY9A",
    "expire_date": "2025-02-19T12:16:32.324Z"
  }
},
{
  "model": "sessions.session",
  "pk": "3dnga2m5nexv2z0jc3cc27r5ptw5rxsl",
  "fields": {
    "session_data": ".eJxVjssOwiAURP-FtSE8C3Tp3m8gF7ha1ICBNtEY_11rutDtnDOTeRIPyzz5pWPzOZGRWLL7zQLEC5YVpDOUU6WxlrnlQFeFbrTTQ0143W_u38AEffq0WUiMS-4cCObMIBlXcjDHaDE4FMlF6TDZIKPmVhtuhRYKZBRKRZM4fF917D3X4vF-y-1BRqGdYIy93snsP1c:1tWrjg:9t3xyqzGFCS29MoaCTwylxEh8GylT2DKwHKU13ZC9qM",
    "expire_date": "2025-02-11T06:46:12.983Z"
  }
},
{
  "model": "sessions.session",
  "pk": "4vmgzcknl7pwv5hplzyqg9hp9ycwhl94",
  "fields": {
    "session_data": ".eJxVjMsOwiAQRf-FtSGU8ihduvcbyMAMFjVgSptojP-uTbrQ7T3nnhfzsC6TXxvNPiMbWccOv1uAeKWyAbxAOVcea1nmHPim8J02fqpIt-Pu_gUmaNP37foIGE0fyCrTaymSESTJDgoHB6gsGJeiCjYmlSJQsJ1DnZJWGoxG2qKNWsu1eHrc8_xko9ROCiHeHzclQUs:1tSUO1:YNHV1JkPOeoD63G_ruCTlvvMeXadcWGUkelM4TzcaB4",
    "expire_date": "2025-01-30T05:01:45.950Z"
  }
},
{
  "model": "sessions.session",
  "pk": "4wq9jucg43r5k7145b94ayaazbq3ofx3",
  "fields": {
    "session_data": ".eJxVjssOwiAURP-FtSE8C3Tp3m8gF7ha1ICBNtEY_11rutDtnDOTeRIPyzz5pWPzOZGRWLL7zQLEC5YVpDOUU6WxlrnlQFeFbrTTQ0143W_u38AEffq0WUiMS-4cCObMIBlXcjDHaDE4FMlF6TDZIKPmVhtuhRYKZBRKRZM4fF917D3X4vF-y-1BRqGdYIy93snsP1c:1tXEJd:N-VSexDti4ouXde6L0Uxr7K51SGLj35R7jmFp7CfMss",
    "expire_date": "2025-02-12T06:52:49.940Z"
  }
},
{
  "model": "sessions.session",
  "pk": "55wk2rk0luiclnketn546ypnmhcypp81",
  "fields": {
    "session_data": ".eJxVjssOwiAURP-FtSE8C3Tp3m8gF7ha1ICBNtEY_11rutDtnDOTeRIPyzz5pWPzOZGRWLL7zQLEC5YVpDOUU6WxlrnlQFeFbrTTQ0143W_u38AEffq0WUiMS-4cCObMIBlXcjDHaDE4FMlF6TDZIKPmVhtuhRYKZBRKRZM4fF917D3X4vF-y-1BRqGdYIy93snsP1c:1tXEaG:J6zTNYrKG7rzC_oPpcCl1EuIL2UCfvQCSUlSWY4RCV8",
    "expire_date": "2025-02-12T07:10:00.656Z"
  }
},
{
  "model": "sessions.session",
  "pk": "5u065ti8da6s8iqv9jcoc3hrnbod3onf",
  "fields": {
    "session_data": ".eJxVjssOwiAURP-FtSE8C3Tp3m8gF7ha1ICBNtEY_11rutDtnDOTeRIPyzz5pWPzOZGRWLL7zQLEC5YVpDOUU6WxlrnlQFeFbrTTQ0143W_u38AEffq0WUiMS-4cCObMIBlXcjDHaDE4FMlF6TDZIKPmVhtuhRYKZBRKRZM4fF917D3X4vF-y-1BRqGdYIy93snsP1c:1taHQI:PBnVO0RAqQeWhUEDZGH0uxdmRNRovBdM_m3BHOhTTJQ",
    "expire_date": "2025-02-20T16:48:18.377Z"
  }
},
{
  "model": "sessions.session",
  "pk": "5zrhcwisxyfvc5vn59j5oxkyen4p6eu5",
  "fields": {
    "session_data": ".eJxVjEEOwiAQRe_C2pBaBigu3fcMZJgZpGpoUtqV8e7apAvd_vfef6mI21ri1mSJE6uLAnX63RLSQ-oO-I71Nmua67pMSe-KPmjT48zyvB7u30HBVr51MIRMziTx4Iztu-w66cUPwENABo8uZILkKUMmlOTPgW3OFiw6y6LeH_ohON8:1tacAl:ogG-kK97StSaX--tjjGygFLMHXNrJBvi9mOmdnyDT-w",
    "expire_date": "2025-02-05T14:57:39.093Z"
  }
},
{
  "model": "sessions.session",
  "pk": "66oeya4f3zbngmyttpnclu4vt3d7vvao",
  "fields": {
    "session_data": ".eJxVjssOwiAURP-FtSE8C3Tp3m8gF7ha1ICBNtEY_11rutDtnDOTeRIPyzz5pWPzOZGRWLL7zQLEC5YVpDOUU6WxlrnlQFeFbrTTQ0143W_u38AEffq0WUiMS-4cCObMIBlXcjDHaDE4FMlF6TDZIKPmVhtuhRYKZBRKRZM4fF917D3X4vF-y-1BRqGdYIy93snsP1c:1tWseY:-R3aCgoKItU4zCMabn0J0B3k43qLjijPH78dswx1Hag",
    "expire_date": "2025-02-11T07:44:58.252Z"
  }
},
{
  "model": "sessions.session",
  "pk": "6iy785q64yni6nayb6adnyzo1t0baidq",
  "fields": {
    "session_data": ".eJxVjssOwiAURP-FtSE8C3Tp3m8gF7ha1ICBNtEY_11rutDtnDOTeRIPyzz5pWPzOZGRWLL7zQLEC5YVpDOUU6WxlrnlQFeFbrTTQ0143W_u38AEffq0WUiMS-4cCObMIBlXcjDHaDE4FMlF6TDZIKPmVhtuhRYKZBRKRZM4fF917D3X4vF-y-1BRqGdYIy93snsP1c:1tXEcR:7w2vic5Mr-9NGZbr9Mn7M5k07rP4DUxj-Bx5RR5bIv0",
    "expire_date": "2025-02-12T07:12:15.692Z"
  }
},
{
  "model": "sessions.session",
  "pk": "77tvwclczb5yruy5w12omx91c2840o5l",
  "fields": {
    "session_data": ".eJxVjEEOwiAQRe_C2hDEGYEu3XsGMlDGogZMaRON8e62SRe6_e_99xae5mnwc0ujz73oBIrd7xYo3lJZQX-lcqky1jKNOchVkRtt8lz7dD9t7l9goDYsb-McxAOHPYOJGrQDgkQBLAeNzInAmqNRuAiIxMyOYmBrUTkCJLNGW2ot1-LT85HHl-g0Oq2U-nwBKXdA7w:1tY0mz:i5pcMUIA6lVp6ea4bmHvaYrmrg80d7Z3PnlB7YmU4-k",
    "expire_date": "2025-02-14T10:38:21.070Z"
  }
},
{
  "model": "sessions.session",
  "pk": "7t6k2kumbq18cntjcruxmg1wtb8uq30p",
  "fields": {
    "session_data": ".eJxVjMsOwiAQRf-FtSGU8ihduvcbyMAMFjVgSptojP-uTbrQ7T3nnhfzsC6TXxvNPiMbWccOv1uAeKWyAbxAOVcea1nmHPim8J02fqpIt-Pu_gUmaNP37foIGE0fyCrTaymSESTJDgoHB6gsGJeiCjYmlSJQsJ1DnZJWGoxG2qKNWsu1eHrc8_xko9ROCiHeHzclQUs:1tY1SU:uWsOeEmpKFVQB8Qa6tfYq0MBc6dIeZKqOcm5KE7oZ08",
    "expire_date": "2025-02-14T11:21:14.278Z"
  }
},
{
  "model": "sessions.session",
  "pk": "8i16sow3tktgoc5i6c8hdvxjt74pg1e6",
  "fields": {
    "session_data": ".eJxVjMsOwiAQRf-FtSGU8ihduvcbyMAMFjVgSptojP-uTbrQ7T3nnhfzsC6TXxvNPiMbWccOv1uAeKWyAbxAOVcea1nmHPim8J02fqpIt-Pu_gUmaNP37foIGE0fyCrTaymSESTJDgoHB6gsGJeiCjYmlSJQsJ1DnZJWGoxG2qKNWsu1eHrc8_xko9ROCiHeHzclQUs:1tWhht:Np9N6k4T4QIEp_8p_z_qex8tXMZGQiAI6Jj51CeFq-o",
    "expire_date": "2025-02-10T20:03:41.826Z"
  }
},
{
  "model": "sessions.session",
  "pk": "9cr7db5zct667jzxh9r8vi4opqyyfu0q",
  "fields": {
    "session_data": ".eJxVjMsOwiAQRf-FtSGU8ihduvcbyMAMFjVgSptojP-uTbrQ7T3nnhfzsC6TXxvNPiMbWccOv1uAeKWyAbxAOVcea1nmHPim8J02fqpIt-Pu_gUmaNP37foIGE0fyCrTaymSESTJDgoHB6gsGJeiCjYmlSJQsJ1DnZJWGoxG2qKNWsu1eHrc8_xko9ROCiHeHzclQUs:1tWhxK:g3fsYVfklc6uABi_5EV7jMszo8KLSJZw6TyrF41vsuw",
    "expire_date": "2025-02-10T20:19:38.535Z"
  }
},
{
  "model": "sessions.session",
  "pk": "aiwbsvpx6qtm3oeooehscdt3bor6ai8s",
  "fields": {
    "session_data": ".eJxVjssOwiAURP-FtSE8C3Tp3m8gF7ha1ICBNtEY_11rutDtnDOTeRIPyzz5pWPzOZGRWLL7zQLEC5YVpDOUU6WxlrnlQFeFbrTTQ0143W_u38AEffq0WUiMS-4cCObMIBlXcjDHaDE4FMlF6TDZIKPmVhtuhRYKZBRKRZM4fF917D3X4vF-y-1BRqGdYIy93snsP1c:1tXwVV:vdt_AmxOFd4LBvaLy7Flb9fe4UKEMBElD2V2fz9V_wQ",
    "expire_date": "2025-02-14T06:04:01.255Z"
  }
},
{
  "model": "sessions.session",
  "pk": "akjuecd6u02qqmydkfpuv1vk5x7otpeb",
  "fields": {
    "session_data": ".eJxVjssOwiAURP-FtSE8C3Tp3m8gF7ha1ICBNtEY_11rutDtnDOTeRIPyzz5pWPzOZGRWLL7zQLEC5YVpDOUU6WxlrnlQFeFbrTTQ0143W_u38AEffq0WUiMS-4cCObMIBlXcjDHaDE4FMlF6TDZIKPmVhtuhRYKZBRKRZM4fF917D3X4vF-y-1BRqGdYIy93snsP1c:1tZ2dt:MBW_No-0HJn1sQBFaHHAHEjGq4_N_VYIbdbArG2QMKY",
    "expire_date": "2025-02-17T06:49:13.984Z"
  }
},
{
  "model": "sessions.session",
  "pk": "am8qugcpoiziosxwoslpyfttlcie3qrm",
  "fields": {
    "session_data": ".eJxVjssOwiAURP-FtSE8C3Tp3m8gF7ha1ICBNtEY_11rutDtnDOTeRIPyzz5pWPzOZGRWLL7zQLEC5YVpDOUU6WxlrnlQFeFbrTTQ0143W_u38AEffq0WUiMS-4cCObMIBlXcjDHaDE4FMlF6TDZIKPmVhtuhRYKZBRKRZM4fF917D3X4vF-y-1BRqGdYIy93snsP1c:1tWi0A:ctcBVqeLUNY1sJ9T_wSQXAOMW4mFxU_ebkSk0hy1wCA",
    "expire_date": "2025-02-10T20:22:34.693Z"
  }
},
{
  "model": "sessions.session",
  "pk": "ams2f01ui4xesuzsr0ghpx9egus99lrl",
  "fields": {
    "session_data": ".eJxVjssOwiAURP-FtSE8C3Tp3m8gF7ha1ICBNtEY_11rutDtnDOTeRIPyzz5pWPzOZGRWLL7zQLEC5YVpDOUU6WxlrnlQFeFbrTTQ0143W_u38AEffq0WUiMS-4cCObMIBlXcjDHaDE4FMlF6TDZIKPmVhtuhRYKZBRKRZM4fF917D3X4vF-y-1BRqGdYIy93snsP1c:1tX4Y1:4JDgpUwThiGMDbVobhDEwT20lJOu_y8mn_avjuIa0z4",
    "expire_date": "2025-02-11T20:27:01.447Z"
  }
},
{
  "model": "sessions.session",
  "pk": "axkbcew5vci2ze4vtgbmvi6e4g3g8noz",
  "fields": {
    "session_data": ".eJxVjssOwiAURP-FtSE8C3Tp3m8gF7ha1ICBNtEY_11rutDtnDOTeRIPyzz5pWPzOZGRWLL7zQLEC5YVpDOUU6WxlrnlQFeFbrTTQ0143W_u38AEffq0WUiMS-4cCObMIBlXcjDHaDE4FMlF6TDZIKPmVhtuhRYKZBRKRZM4fF917D3X4vF-y-1BRqGdYIy93snsP1c:1tXH5Y:zETtC57e2vkiXO0DuTOG3XmtIiIsRv79WugbjYmlI00",
    "expire_date": "2025-02-12T09:50:28.694Z"
  }
},
{
  "model": "sessions.session",
  "pk": "axsiia2vvzg04zf8k6oc1rx5v818y60p",
  "fields": {
    "session_data": ".eJxVjssOwiAURP-FtSE8C3Tp3m8gF7ha1ICBNtEY_11rutDtnDOTeRIPyzz5pWPzOZGRWLL7zQLEC5YVpDOUU6WxlrnlQFeFbrTTQ0143W_u38AEffq0WUiMS-4cCObMIBlXcjDHaDE4FMlF6TDZIKPmVhtuhRYKZBRKRZM4fF917D3X4vF-y-1BRqGdYIy93snsP1c:1tZqn7:Gvz1K4SA8CT3uGcl0EiCZQUq4hVWlf2FurBiX5pfYdg",
    "expire_date": "2025-02-19T12:22:05.861Z"
  }
},
{
  "model": "sessions.session",
  "pk": "bb00xfqb6vhulx0jo485i0dwcuvmyxak",
  "fields": {
    "session_data": ".eJxVjssOwiAURP-FtSE8C3Tp3m8gF7ha1ICBNtEY_11rutDtnDOTeRIPyzz5pWPzOZGRWLL7zQLEC5YVpDOUU6WxlrnlQFeFbrTTQ0143W_u38AEffq0WUiMS-4cCObMIBlXcjDHaDE4FMlF6TDZIKPmVhtuhRYKZBRKRZM4fF917D3X4vF-y-1BRqGdYIy93snsP1c:1tYIR3:wY_tqWerm0djOkPzbA4cymBGV3g0Zt99sFFPnNI4X7Y",
    "expire_date": "2025-02-15T05:28:53.109Z"
  }
},
{
  "model": "sessions.session",
  "pk": "cf03v7xhlqbqt94tuwcsjafcjydz4ywu",
  "fields": {
    "session_data": ".eJxVjssOwiAURP-FtSE8C3Tp3m8gF7ha1ICBNtEY_11rutDtnDOTeRIPyzz5pWPzOZGRWLL7zQLEC5YVpDOUU6WxlrnlQFeFbrTTQ0143W_u38AEffq0WUiMS-4cCObMIBlXcjDHaDE4FMlF6TDZIKPmVhtuhRYKZBRKRZM4fF917D3X4vF-y-1BRqGdYIy93snsP1c:1tXIlc:oZ059SdnBKdgRa2XHGg5JEjNpwti4Qw0aXa2nWEnOBI",
    "expire_date": "2025-02-12T11:38:00.656Z"
  }
},
{
  "model": "sessions.session",
  "pk": "cg8l2ll4t3ziu8zwjxq4encu5vwipp7m",
  "fields": {
    "session_data": ".eJxVjssOwiAURP-FtSE8C3Tp3m8gF7ha1ICBNtEY_11rutDtnDOTeRIPyzz5pWPzOZGRWLL7zQLEC5YVpDOUU6WxlrnlQFeFbrTTQ0143W_u38AEffq0WUiMS-4cCObMIBlXcjDHaDE4FMlF6TDZIKPmVhtuhRYKZBRKRZM4fF917D3X4vF-y-1BRqGdYIy93snsP1c:1taIif:uvNa0AISAby5jFJ3ZnmtjwCbi1GYTAp3PK6GssbPgNI",
    "expire_date": "2025-02-20T18:11:21.909Z"
  }
},
{
  "model": "sessions.session",
  "pk": "cp4u1vn6rai5zgbchin0x47661h7fvks",
  "fields": {
    "session_data": ".eJxVjMsOwiAURP-FtSG8LlCX7v0GwuNiUQOmtInG-O-2SRe6mcXMmfMmzi_z6JaOkyuJHIkgh98u-HjDug3p6uul0djqPJVAN4Tua6fnlvB-2tk_wej7uL4HYWTiFrI3wBG8VAhBc50DSJaDzdIzyHxNNKC0FVFmqbPi1poAKm7Sjr2XVh0-H2V6kaOAQTDGPl_lkz-3:1tYIxO:hXGCt12-xIbjrt2kjtVBW2UmP3SQaBQvkVXbM2mtgO4",
    "expire_date": "2025-02-15T06:02:18.908Z"
  }
},
{
  "model": "sessions.session",
  "pk": "cq8vquptocrjspkayxytaf4pjq6e02wt",
  "fields": {
    "session_data": ".eJxVjMsOwiAQRf-FtSGU8ihduvcbyMAMFjVgSptojP-uTbrQ7T3nnhfzsC6TXxvNPiMbWccOv1uAeKWyAbxAOVcea1nmHPim8J02fqpIt-Pu_gUmaNP37foIGE0fyCrTaymSESTJDgoHB6gsGJeiCjYmlSJQsJ1DnZJWGoxG2qKNWsu1eHrc8_xko9ROCiHeHzclQUs:1tSElP:iDSdjiIGbvqTmEirFUDIg4q1gxrlBRRVPjb2xgDUjTA",
    "expire_date": "2025-01-29T12:20:51.798Z"
  }
},
{
  "model": "sessions.session",
  "pk": "cyt84svy2kax1t3z2p9oaac43w4lk5wn",
  "fields": {
    "session_data": ".eJxVjEEOwiAQRe_C2hDEGYEu3XsGMlDGogZMaRON8e62SRe6_e_99xae5mnwc0ujz73oBIrd7xYo3lJZQX-lcqky1jKNOchVkRtt8lz7dD9t7l9goDYsb-McxAOHPYOJGrQDgkQBLAeNzInAmqNRuAiIxMyOYmBrUTkCJLNGW2ot1-LT85HHl-g0Oq2U-nwBKXdA7w:1tY1hs:WfYCSRD2lhCpaJRZGHIgesC4DT_V6mxrhx2wsCOlhaw",
    "expire_date": "2025-02-14T11:37:08.409Z"
  }
},
{
  "model": "sessions.session",
  "pk": "czerakp77arjwjivpit99f6mymktjkrw",
  "fields": {
    "session_data": ".eJxVjssOwiAURP-FtSE8C3Tp3m8gF7ha1ICBNtEY_11rutDtnDOTeRIPyzz5pWPzOZGRWLL7zQLEC5YVpDOUU6WxlrnlQFeFbrTTQ0143W_u38AEffq0WUiMS-4cCObMIBlXcjDHaDE4FMlF6TDZIKPmVhtuhRYKZBRKRZM4fF917D3X4vF-y-1BRqGdYIy93snsP1c:1tX1NV:wyK8dvWnIxiOzXrRdSZFIhyk7lQws4pLd5oZh4w-Yjw",
    "expire_date": "2025-02-11T17:03:57.018Z"
  }
},
{
  "model": "sessions.session",
  "pk": "dchj28tbg331wshvzh67apl48vvetlw0",
  "fields": {
    "session_data": ".eJxVjssOwiAURP-FtSE8C3Tp3m8gF7ha1ICBNtEY_11rutDtnDOTeRIPyzz5pWPzOZGRWLL7zQLEC5YVpDOUU6WxlrnlQFeFbrTTQ0143W_u38AEffq0WUiMS-4cCObMIBlXcjDHaDE4FMlF6TDZIKPmVhtuhRYKZBRKRZM4fF917D3X4vF-y-1BRqGdYIy93snsP1c:1tZrLA:n2XwToiCzPFRdlqZz6IuCsxXk5UKNkUVdy4YThmpIjM",
    "expire_date": "2025-02-19T12:57:16Z"
  }
},
{
  "model": "sessions.session",
  "pk": "ddvypp1pafoeoxxkeomw2sa4b44cup3d",
  "fields": {
    "session_data": ".eJxVjssOwiAURP-FtSE8C3Tp3m8gF7ha1ICBNtEY_11rutDtnDOTeRIPyzz5pWPzOZGRWLL7zQLEC5YVpDOUU6WxlrnlQFeFbrTTQ0143W_u38AEffq0WUiMS-4cCObMIBlXcjDHaDE4FMlF6TDZIKPmVhtuhRYKZBRKRZM4fF917D3X4vF-y-1BRqGdYIy93snsP1c:1tYpWX:o0G4Z1ZPEsLWNjImHulr95WxY28uMvWin6jXVGt11z4",
    "expire_date": "2025-02-16T16:48:45.799Z"
  }
},
{
  "model": "sessions.session",
  "pk": "dpq32pcznr9nnrezmz4ilx1p1nf8pezv",
  "fields": {
    "session_data": ".eJxVjssOwiAURP-FtSE8C3Tp3m8gF7ha1ICBNtEY_11rutDtnDOTeRIPyzz5pWPzOZGRWLL7zQLEC5YVpDOUU6WxlrnlQFeFbrTTQ0143W_u38AEffq0WUiMS-4cCObMIBlXcjDHaDE4FMlF6TDZIKPmVhtuhRYKZBRKRZM4fF917D3X4vF-y-1BRqGdYIy93snsP1c:1tYqNC:bARPqMwJArh2p5D0Nbmn81_eiJT5Hx-0NhgRPGgVFSk",
    "expire_date": "2025-02-16T17:43:10.112Z"
  }
},
{
  "model": "sessions.session",
  "pk": "dzhrne9t3eb2g8pv4hjlkvjskhoxhvd5",
  "fields": {
    "session_data": ".eJxVjMsOwiAQRf-FtSGU8ihduvcbyMAMFjVgSptojP-uTbrQ7T3nnhfzsC6TXxvNPiMbWccOv1uAeKWyAbxAOVcea1nmHPim8J02fqpIt-Pu_gUmaNP37foIGE0fyCrTaymSESTJDgoHB6gsGJeiCjYmlSJQsJ1DnZJWGoxG2qKNWsu1eHrc8_xko9ROCiHeHzclQUs:1tXH5e:U8sLzvFYX2gclQdk51rfoSLZKOuNtzXRf9fVV0odKmw",
    "expire_date": "2025-02-12T09:50:34.649Z"
  }
},
{
  "model": "sessions.session",
  "pk": "e6ovr6btfvgph1rt785px58jc0d72fjw",
  "fields": {
    "session_data": ".eJxVjssOwiAURP-FtSE8C3Tp3m8gF7ha1ICBNtEY_11rutDtnDOTeRIPyzz5pWPzOZGRWLL7zQLEC5YVpDOUU6WxlrnlQFeFbrTTQ0143W_u38AEffq0WUiMS-4cCObMIBlXcjDHaDE4FMlF6TDZIKPmVhtuhRYKZBRKRZM4fF917D3X4vF-y-1BRqGdYIy93snsP1c:1tWqKk:mESb9iDDHwxYDPagKeCKzD4CkBtJcf_vs8qzYPgmciE",
    "expire_date": "2025-02-11T05:16:22.149Z"
  }
},
{
  "model": "sessions.session",
  "pk": "ffg0mvkcy1l5vxyh10smo307xkgwaa2y",
  "fields": {
    "session_data": ".eJxVjssOwiAURP-FtSE8C3Tp3m8gF7ha1ICBNtEY_11rutDtnDOTeRIPyzz5pWPzOZGRWLL7zQLEC5YVpDOUU6WxlrnlQFeFbrTTQ0143W_u38AEffq0WUiMS-4cCObMIBlXcjDHaDE4FMlF6TDZIKPmVhtuhRYKZBRKRZM4fF917D3X4vF-y-1BRqGdYIy93snsP1c:1tZ2GB:-4qZ-kl2f_V0Xj_rfadNAV-i4q1rl2yPOlx7bp224DM",
    "expire_date": "2025-02-17T06:24:43.086Z"
  }
},
{
  "model": "sessions.session",
  "pk": "gdyy00sl8yb0vfen7u6dnkolsbyihbgc",
  "fields": {
    "session_data": ".eJxVjMsOwiAQRf-FtSGU8ihduvcbyMAMFjVgSptojP-uTbrQ7T3nnhfzsC6TXxvNPiMbWccOv1uAeKWyAbxAOVcea1nmHPim8J02fqpIt-Pu_gUmaNP37foIGE0fyCrTaymSESTJDgoHB6gsGJeiCjYmlSJQsJ1DnZJWGoxG2qKNWsu1eHrc8_xko9ROCiHeHzclQUs:1tXH60:_9emugYkdGtV8u3yV9NiV96wrJ_10KJGzkanBBR2-vY",
    "expire_date": "2025-02-12T09:50:56.520Z"
  }
},
{
  "model": "sessions.session",
  "pk": "gw9p39otqh5mb3602vo1hovzh9m5weky",
  "fields": {
    "session_data": ".eJxVjDsOAiEUAO9CbQj_B5b2ewbC5yGrBpJltzLe3ZBsoe3MZN7Eh2Ov_hi4-TWTKzHk8stiSE9sU-RHaPdOU2_7tkY6E3raQZee8XU7279BDaPObTHAwSawmnNji8yysITcyGKEZiWoyBwTPCKgddoKVBCAF5G0kswB-XwBwdg2yQ:1tXEka:titxn4XJXkylFwRHkKRxmLl6BA3MQlbGZfnwhrY3xyE",
    "expire_date": "2025-01-27T07:20:40.690Z"
  }
},
{
  "model": "sessions.session",
  "pk": "hdez304j7rxy9xvmb0a077w23xymh8jh",
  "fields": {
    "session_data": ".eJxVjssOwiAURP-FtSE8C3Tp3m8gF7ha1ICBNtEY_11rutDtnDOTeRIPyzz5pWPzOZGRWLL7zQLEC5YVpDOUU6WxlrnlQFeFbrTTQ0143W_u38AEffq0WUiMS-4cCObMIBlXcjDHaDE4FMlF6TDZIKPmVhtuhRYKZBRKRZM4fF917D3X4vF-y-1BRqGdYIy93snsP1c:1tXHZK:dxsfLLgZLaKIDdNwP53PKfdr7KffCXKPookscLejxyU",
    "expire_date": "2025-02-12T10:21:14.883Z"
  }
},
{
  "model": "sessions.session",
  "pk": "hmhkhwjwsw3tue8drkjpqu1nxouglc4w",
  "fields": {
    "session_data": ".eJxVjssOwiAURP-FtSE8C3Tp3m8gF7ha1ICBNtEY_11rutDtnDOTeRIPyzz5pWPzOZGRWLL7zQLEC5YVpDOUU6WxlrnlQFeFbrTTQ0143W_u38AEffq0WUiMS-4cCObMIBlXcjDHaDE4FMlF6TDZIKPmVhtuhRYKZBRKRZM4fF917D3X4vF-y-1BRqGdYIy93snsP1c:1tZr8x:CZIxOswy3oIK-z94xVqZXiByf5gP5DLsu9wmKuh4U3M",
    "expire_date": "2025-02-19T12:44:39.701Z"
  }
},
{
  "model": "sessions.session",
  "pk": "hnpialy3vv4cm1r8tugoo44y8cq19qp7",
  "fields": {
    "session_data": ".eJxVjssOwiAURP-FtSE8C3Tp3m8gF7ha1ICBNtEY_11rutDtnDOTeRIPyzz5pWPzOZGRWLL7zQLEC5YVpDOUU6WxlrnlQFeFbrTTQ0143W_u38AEffq0WUiMS-4cCObMIBlXcjDHaDE4FMlF6TDZIKPmVhtuhRYKZBRKRZM4fF917D3X4vF-y-1BRqGdYIy93snsP1c:1tXEEK:jpNilwBdNnXATbkXE2oKUoQPOFCGDuuotNVazKaDFog",
    "expire_date": "2025-02-12T06:47:20.781Z"
  }
},
{
  "model": "sessions.session",
  "pk": "hq1gkloddhwuy4lcllggbeebt3wuyn4n",
  "fields": {
    "session_data": ".eJxVjssOwiAURP-FtSE8C3Tp3m8gF7ha1ICBNtEY_11rutDtnDOTeRIPyzz5pWPzOZGRWLL7zQLEC5YVpDOUU6WxlrnlQFeFbrTTQ0143W_u38AEffq0WUiMS-4cCObMIBlXcjDHaDE4FMlF6TDZIKPmVhtuhRYKZBRKRZM4fF917D3X4vF-y-1BRqGdYIy93snsP1c:1tZ323:hsr1qxgVxfJyzLwbTfyOmBisdQSpYYnw9toAA9jrM9U",
    "expire_date": "2025-02-17T07:14:11.944Z"
  }
},
{
  "model": "sessions.session",
  "pk": "huw91yp6ywu7686dewam10n4rmssaehj",
  "fields": {
    "session_data": ".eJxVjssOwiAURP-FtSE8C3Tp3m8gF7ha1ICBNtEY_11rutDtnDOTeRIPyzz5pWPzOZGRWLL7zQLEC5YVpDOUU6WxlrnlQFeFbrTTQ0143W_u38AEffq0WUiMS-4cCObMIBlXcjDHaDE4FMlF6TDZIKPmVhtuhRYKZBRKRZM4fF917D3X4vF-y-1BRqGdYIy93snsP1c:1tXF5K:p2mul091wghTQGwjcUYxKyVvlLOsK0PWfcC0BGXyEGc",
    "expire_date": "2025-02-12T07:42:06.706Z"
  }
},
{
  "model": "sessions.session",
  "pk": "hxed6j28xut6p9sgbhlym9szgdbhf5lo",
  "fields": {
    "session_data": ".eJxVjssOwiAURP-FtSE8C3Tp3m8gF7ha1ICBNtEY_11rutDtnDOTeRIPyzz5pWPzOZGRWLL7zQLEC5YVpDOUU6WxlrnlQFeFbrTTQ0143W_u38AEffq0WUiMS-4cCObMIBlXcjDHaDE4FMlF6TDZIKPmVhtuhRYKZBRKRZM4fF917D3X4vF-y-1BRqGdYIy93snsP1c:1tXH1B:h3DylEMZEJ6TFad15AaHf3eE8ZSK3edxT9CmC4XtLAA",
    "expire_date": "2025-02-12T09:45:57.509Z"
  }
},
{
  "model": "sessions.session",
  "pk": "hyumtiv291bje8jz7nzdtu5m9ge6w5oq",
  "fields": {
    "session_data": ".eJxVjssOwiAURP-FtSE8C3Tp3m8gF7ha1ICBNtEY_11rutDtnDOTeRIPyzz5pWPzOZGRWLL7zQLEC5YVpDOUU6WxlrnlQFeFbrTTQ0143W_u38AEffq0WUiMS-4cCObMIBlXcjDHaDE4FMlF6TDZIKPmVhtuhRYKZBRKRZM4fF917D3X4vF-y-1BRqGdYIy93snsP1c:1tXDMH:4HGB3jnDbusybq7MiNNjwn2wfWKq1T3GBvOB7Tm4LqY",
    "expire_date": "2025-02-12T05:51:29.426Z"
  }
},
{
  "model": "sessions.session",
  "pk": "iwr6dve5bdqkuqynoeidsg961xi1wbmb",
  "fields": {
    "session_data": ".eJxVjDsOAiEUAO9CbQj_B5b2ewbC5yGrBpJltzLe3ZBsoe3MZN7Eh2Ov_hi4-TWTKzHk8stiSE9sU-RHaPdOU2_7tkY6E3raQZee8XU7279BDaPObTHAwSawmnNji8yysITcyGKEZiWoyBwTPCKgddoKVBCAF5G0kswB-XwBwdg2yQ:1tX3id:0hFSZwJB7cpvsFBczxc0GYHoIMQj9tLWbUu9YgLWwIY",
    "expire_date": "2025-01-26T19:33:55.064Z"
  }
},
{
  "model": "sessions.session",
  "pk": "j1uibgwqpz41h5jl4qaqieyvskg1nl99",
  "fields": {
    "session_data": ".eJxVjMsOwiAQRf-FtSGU8ihduvcbyMAMFjVgSptojP-uTbrQ7T3nnhfzsC6TXxvNPiMbWccOv1uAeKWyAbxAOVcea1nmHPim8J02fqpIt-Pu_gUmaNP37foIGE0fyCrTaymSESTJDgoHB6gsGJeiCjYmlSJQsJ1DnZJWGoxG2qKNWsu1eHrc8_xko9ROCiHeHzclQUs:1tZrJU:lBdKmoRIGGIbzPg5cyKLayjg66ZDG12ydtFcVhC55j8",
    "expire_date": "2025-02-19T12:55:32.643Z"
  }
},
{
  "model": "sessions.session",
  "pk": "j24oy4czrw0z5wehs72dqjggsavaha0f",
  "fields": {
    "session_data": ".eJxVjEsOwiAUAO_C2pAHlJ9L956B8HlY1IApbaIx3t2QdKHbmcm8ifPbOrut4-JKIkeiyOGXBR9vWIdIV18vjcZW16UEOhK6207PLeH9tLd_g9n3eWyz0kybqI1kTJksksgQkSmRFZeQ_RTAAmcBNRorDcdJe80yj3ISYPWYduy9tOrw-SjLixy5tBwAPl_Kqj84:1tSXd4:PeAeIN1XCiLxO910oWfduxAYD5brXWAnVCR7_bWSajU",
    "expire_date": "2025-01-30T08:29:30.068Z"
  }
},
{
  "model": "sessions.session",
  "pk": "j61bg0jqvmd8lfk8od6hcjgtxgaod5e4",
  "fields": {
    "session_data": ".eJxVjssOwiAURP-FtSE8C3Tp3m8gF7ha1ICBNtEY_11rutDtnDOTeRIPyzz5pWPzOZGRWLL7zQLEC5YVpDOUU6WxlrnlQFeFbrTTQ0143W_u38AEffq0WUiMS-4cCObMIBlXcjDHaDE4FMlF6TDZIKPmVhtuhRYKZBRKRZM4fF917D3X4vF-y-1BRqGdYIy93snsP1c:1taHCC:UXaDLQPuVNVzedd3AinbAWuHbeS3SMf50uXQqefZY-Q",
    "expire_date": "2025-02-20T16:33:44.289Z"
  }
},
{
  "model": "sessions.session",
  "pk": "jcg7pjyktm920e6g4fjk0gh0ascoeo7o",
  "fields": {
    "session_data": ".eJxVjDsOAiEUAO9CbQj_B5b2ewbC5yGrBpJltzLe3ZBsoe3MZN7Eh2Ov_hi4-TWTKzHk8stiSE9sU-RHaPdOU2_7tkY6E3raQZee8XU7279BDaPObTHAwSawmnNji8yysITcyGKEZiWoyBwTPCKgddoKVBCAF5G0kswB-XwBwdg2yQ:1tXFOf:fCkUyYZrw8MgAEquUXNnOj3ae-kZfOU9dXKntrIthyw",
    "expire_date": "2025-01-27T08:02:05.613Z"
  }
},
{
  "model": "sessions.session",
  "pk": "jwb2c1630nggnjotelefb1f845svh6wz",
  "fields": {
    "session_data": ".eJxVjMEOwiAQBf-FsyHQoiw9evcbyAKLRQ00pU00xn-3JD3o9c28eTOL6zLatdJsU2ADk5odfkeH_k65kXDDfC3cl7zMyfGm8J1WfimBHufd_QuMWMfWBRkRlXex75XWBMpEBwQAXp2MihBMbyiIeIwbhM53sfNme6AASVq1aKVaU8mWnlOaX2yQIMTnC4kFQDw:1tcq9K:obgKkt2QTCri6RybhdVKRbWj6KPkQULu8rO2ZQAj7Q4",
    "expire_date": "2025-01-28T18:47:22.940Z"
  }
},
{
  "model": "sessions.session",
  "pk": "kbskcdrq1w6mdwl4yswi2ylem71crgq3",
  "fields": {
    "session_data": ".eJxVjssOwiAURP-FtSE8C3Tp3m8gF7ha1ICBNtEY_11rutDtnDOTeRIPyzz5pWPzOZGRWLL7zQLEC5YVpDOUU6WxlrnlQFeFbrTTQ0143W_u38AEffq0WUiMS-4cCObMIBlXcjDHaDE4FMlF6TDZIKPmVhtuhRYKZBRKRZM4fF917D3X4vF-y-1BRqGdYIy93snsP1c:1tYpea:-6_pyYevrSosM7t4JD89vDuJBy87gb-NrWGLPOE74bQ",
    "expire_date": "2025-02-16T16:57:04.459Z"
  }
},
{
  "model": "sessions.session",
  "pk": "l4l0zpprmxzs4xyvovue4jnm2nvn81i0",
  "fields": {
    "session_data": ".eJxVjMsOwiAQRf-FtSGU8ihduvcbyMAMFjVgSptojP-uTbrQ7T3nnhfzsC6TXxvNPiMbWccOv1uAeKWyAbxAOVcea1nmHPim8J02fqpIt-Pu_gUmaNP37foIGE0fyCrTaymSESTJDgoHB6gsGJeiCjYmlSJQsJ1DnZJWGoxG2qKNWsu1eHrc8_xko9ROCiHeHzclQUs:1tT22h:ya4rHZtK5-lmZpBXBW0Pekrc44c-zGiU62mlpVkoiHE",
    "expire_date": "2025-01-31T16:57:59.329Z"
  }
},
{
  "model": "sessions.session",
  "pk": "l68rqaxk699thygce0h26xzwewa4fbtz",
  "fields": {
    "session_data": ".eJxVjMsOwiAQRf-FtSGU8ihduvcbyMAMFjVgSptojP-uTbrQ7T3nnhfzsC6TXxvNPiMbWccOv1uAeKWyAbxAOVcea1nmHPim8J02fqpIt-Pu_gUmaNP37foIGE0fyCrTaymSESTJDgoHB6gsGJeiCjYmlSJQsJ1DnZJWGoxG2qKNWsu1eHrc8_xko9ROCiHeHzclQUs:1tSCfd:cEKr4mF9J9fxm8kN2vR_-Fd9nc8kzQPeEBBmm_eMjNY",
    "expire_date": "2025-01-29T10:06:45.953Z"
  }
},
{
  "model": "sessions.session",
  "pk": "l904m7wlhvfqyg6n1whlxgzphmz0eb3w",
  "fields": {
    "session_data": ".eJxVjssOwiAURP-FtSE8C3Tp3m8gF7ha1ICBNtEY_11rutDtnDOTeRIPyzz5pWPzOZGRWLL7zQLEC5YVpDOUU6WxlrnlQFeFbrTTQ0143W_u38AEffq0WUiMS-4cCObMIBlXcjDHaDE4FMlF6TDZIKPmVhtuhRYKZBRKRZM4fF917D3X4vF-y-1BRqGdYIy93snsP1c:1tXw5o:MO-1KxJyZEnhlJQc_0fyGwnONxd51Oomt-zMjHCRzuI",
    "expire_date": "2025-02-14T05:37:28.122Z"
  }
},
{
  "model": "sessions.session",
  "pk": "l9tfevtlx27c5l4rv8108xqke9jo08et",
  "fields": {
    "session_data": ".eJxVjssOwiAURP-FtSE8C3Tp3m8gF7ha1ICBNtEY_11rutDtnDOTeRIPyzz5pWPzOZGRWLL7zQLEC5YVpDOUU6WxlrnlQFeFbrTTQ0143W_u38AEffq0WUiMS-4cCObMIBlXcjDHaDE4FMlF6TDZIKPmVhtuhRYKZBRKRZM4fF917D3X4vF-y-1BRqGdYIy93snsP1c:1tXIek:FLFjCK3Pj5tIseNqUUzrP_jFTdzP94SZ5LMxFD8RjXs",
    "expire_date": "2025-02-12T11:30:54.540Z"
  }
},
{
  "model": "sessions.session",
  "pk": "lbvlrkkg86ha83vljyjqf5ouvifdr2k1",
  "fields": {
    "session_data": ".eJxVjssOwiAURP-FtSE8C3Tp3m8gF7ha1ICBNtEY_11rutDtnDOTeRIPyzz5pWPzOZGRWLL7zQLEC5YVpDOUU6WxlrnlQFeFbrTTQ0143W_u38AEffq0WUiMS-4cCObMIBlXcjDHaDE4FMlF6TDZIKPmVhtuhRYKZBRKRZM4fF917D3X4vF-y-1BRqGdYIy93snsP1c:1tcL61:cUe1Bnlr_KuNdLLvALTFOMZms9jkG5NufclDr2PcIxI",
    "expire_date": "2025-02-26T09:07:53.453Z"
  }
},
{
  "model": "sessions.session",
  "pk": "lcg25ldjm0fm1yvjktkyqh3tkub5o79t",
  "fields": {
    "session_data": ".eJxVjMsOwiAQRf-FtSGU8ihduvcbyMAMFjVgSptojP-uTbrQ7T3nnhfzsC6TXxvNPiMbWccOv1uAeKWyAbxAOVcea1nmHPim8J02fqpIt-Pu_gUmaNP37foIGE0fyCrTaymSESTJDgoHB6gsGJeiCjYmlSJQsJ1DnZJWGoxG2qKNWsu1eHrc8_xko9ROCiHeHzclQUs:1tYIg9:PdICX0y8na4ZiPCsKInztkLGdqxHCo6WJMXWzJdnQnM",
    "expire_date": "2025-02-15T05:44:29.479Z"
  }
},
{
  "model": "sessions.session",
  "pk": "mg4n3l6dfuehiq3j61pfw1fb6x5q6ip6",
  "fields": {
    "session_data": ".eJxVjssOwiAURP-FtSE8C3Tp3m8gF7ha1ICBNtEY_11rutDtnDOTeRIPyzz5pWPzOZGRWLL7zQLEC5YVpDOUU6WxlrnlQFeFbrTTQ0143W_u38AEffq0WUiMS-4cCObMIBlXcjDHaDE4FMlF6TDZIKPmVhtuhRYKZBRKRZM4fF917D3X4vF-y-1BRqGdYIy93snsP1c:1tZqLG:bNa8WWf343oFLsF_Qg3uGWadhGcvZV37Z5q1tYptYPc",
    "expire_date": "2025-02-19T11:53:18.499Z"
  }
},
{
  "model": "sessions.session",
  "pk": "mno6zh3scffthh0os6dnrgx3kot69a0e",
  "fields": {
    "session_data": ".eJxVjssOwiAURP-FtSE8C3Tp3m8gF7ha1ICBNtEY_11rutDtnDOTeRIPyzz5pWPzOZGRWLL7zQLEC5YVpDOUU6WxlrnlQFeFbrTTQ0143W_u38AEffq0WUiMS-4cCObMIBlXcjDHaDE4FMlF6TDZIKPmVhtuhRYKZBRKRZM4fF917D3X4vF-y-1BRqGdYIy93snsP1c:1tWrEI:cI4rFdDOYgtiE_ywxJtF2o7aOM2uU6-YHqbffFFJlCE",
    "expire_date": "2025-02-11T06:13:46.345Z"
  }
},
{
  "model": "sessions.session",
  "pk": "n3qn8d4l6evy0x2yq4s03is93as3y0w9",
  "fields": {
    "session_data": ".eJxVjssOwiAURP-FtSE8C3Tp3m8gF7ha1ICBNtEY_11rutDtnDOTeRIPyzz5pWPzOZGRWLL7zQLEC5YVpDOUU6WxlrnlQFeFbrTTQ0143W_u38AEffq0WUiMS-4cCObMIBlXcjDHaDE4FMlF6TDZIKPmVhtuhRYKZBRKRZM4fF917D3X4vF-y-1BRqGdYIy93snsP1c:1tZru9:0wx-MwyygYAkUeuz82tnk982m7-IuvIGTVA2iIjnv-M",
    "expire_date": "2025-02-19T13:33:25.648Z"
  }
},
{
  "model": "sessions.session",
  "pk": "npcwltfqtzrocl9znfpczzcesskhybyj",
  "fields": {
    "session_data": ".eJxVjssOwiAURP-FtSE8C3Tp3m8gF7ha1ICBNtEY_11rutDtnDOTeRIPyzz5pWPzOZGRWLL7zQLEC5YVpDOUU6WxlrnlQFeFbrTTQ0143W_u38AEffq0WUiMS-4cCObMIBlXcjDHaDE4FMlF6TDZIKPmVhtuhRYKZBRKRZM4fF917D3X4vF-y-1BRqGdYIy93snsP1c:1taHfe:jFU2XnHlImDMvHJaEuZUEUlmleDclGPt6dljnogymMY",
    "expire_date": "2025-02-20T17:04:10.439Z"
  }
},
{
  "model": "sessions.session",
  "pk": "nq7qw0judienuc9wrbewqfnfir9et43q",
  "fields": {
    "session_data": ".eJxVjMsOwiAQRf-FtSGU8ihduvcbyMAMFjVgSptojP-uTbrQ7T3nnhfzsC6TXxvNPiMbWccOv1uAeKWyAbxAOVcea1nmHPim8J02fqpIt-Pu_gUmaNP37foIGE0fyCrTaymSESTJDgoHB6gsGJeiCjYmlSJQsJ1DnZJWGoxG2qKNWsu1eHrc8_xko9ROCiHeHzclQUs:1tSCNQ:-u0EA9l-u96gcqH3Btf229jAUM7xAPwyhfuR9NkEFHU",
    "expire_date": "2025-01-29T09:47:56.565Z"
  }
},
{
  "model": "sessions.session",
  "pk": "nqx2o6gfmrt8u5x7ijj9r9pok1rmin09",
  "fields": {
    "session_data": ".eJxVjMsOwiAQRf-FtSGU8ihduvcbyMAMFjVgSptojP-uTbrQ7T3nnhfzsC6TXxvNPiMbWccOv1uAeKWyAbxAOVcea1nmHPim8J02fqpIt-Pu_gUmaNP37foIGE0fyCrTaymSESTJDgoHB6gsGJeiCjYmlSJQsJ1DnZJWGoxG2qKNWsu1eHrc8_xko9ROCiHeHzclQUs:1tc9be:XdsrfiEuzdPoAqQyzYTgvdkIvIss5-aU5bFjY0Ro2is",
    "expire_date": "2025-02-25T20:51:46.236Z"
  }
},
{
  "model": "sessions.session",
  "pk": "o0qaq1q22gpwxayuvonud8z5cxhujk6o",
  "fields": {
    "session_data": ".eJxVjssOwiAURP-FtSE8C3Tp3m8gF7ha1ICBNtEY_11rutDtnDOTeRIPyzz5pWPzOZGRWLL7zQLEC5YVpDOUU6WxlrnlQFeFbrTTQ0143W_u38AEffq0WUiMS-4cCObMIBlXcjDHaDE4FMlF6TDZIKPmVhtuhRYKZBRKRZM4fF917D3X4vF-y-1BRqGdYIy93snsP1c:1tYpRQ:py0svQDfGCt9D0In4efC6lTqFLXE4XKl49vdr-0WX5c",
    "expire_date": "2025-02-16T16:43:28.463Z"
  }
},
{
  "model": "sessions.session",
  "pk": "o9xnovacyby52bt103jqh53mldi131jt",
  "fields": {
    "session_data": ".eJxVjssOwiAURP-FtSE8C3Tp3m8gF7ha1ICBNtEY_11rutDtnDOTeRIPyzz5pWPzOZGRWLL7zQLEC5YVpDOUU6WxlrnlQFeFbrTTQ0143W_u38AEffq0WUiMS-4cCObMIBlXcjDHaDE4FMlF6TDZIKPmVhtuhRYKZBRKRZM4fF917D3X4vF-y-1BRqGdYIy93snsP1c:1tYqt5:Pi_y5gaPC46XPjKIM6414tilUV-i5vOQ65eN6OBL9ag",
    "expire_date": "2025-02-16T18:16:07.725Z"
  }
},
{
  "model": "sessions.session",
  "pk": "oa5n42sg3y8ccre7ntmukw5octfs15sh",
  "fields": {
    "session_data": ".eJxVjssOwiAURP-FtSE8C3Tp3m8gF7ha1ICBNtEY_11rutDtnDOTeRIPyzz5pWPzOZGRWLL7zQLEC5YVpDOUU6WxlrnlQFeFbrTTQ0143W_u38AEffq0WUiMS-4cCObMIBlXcjDHaDE4FMlF6TDZIKPmVhtuhRYKZBRKRZM4fF917D3X4vF-y-1BRqGdYIy93snsP1c:1tZpwN:JN7k85Fwj4ATRBk7Sn47yFd7MHhgQ_BYxuv1_T6rW-4",
    "expire_date": "2025-02-19T11:27:35.682Z"
  }
},
{
  "model": "sessions.session",
  "pk": "ojs5ehzj4lgrek8l6dh8udy2bqy7nqr9",
  "fields": {
    "session_data": ".eJxVjssOwiAURP-FtSE8C3Tp3m8gF7ha1ICBNtEY_11rutDtnDOTeRIPyzz5pWPzOZGRWLL7zQLEC5YVpDOUU6WxlrnlQFeFbrTTQ0143W_u38AEffq0WUiMS-4cCObMIBlXcjDHaDE4FMlF6TDZIKPmVhtuhRYKZBRKRZM4fF917D3X4vF-y-1BRqGdYIy93snsP1c:1tYpmR:wVbVQefR7zBFTEtlwugmO-wMvEY866hUEQ6R8o10fyk",
    "expire_date": "2025-02-16T17:05:11.075Z"
  }
},
{
  "model": "sessions.session",
  "pk": "ouuww46k0kx61ou7sing31yw7tl4k7hm",
  "fields": {
    "session_data": ".eJxVjMsOwiAQRf-FtSGU8ihduvcbyMAMFjVgSptojP-uTbrQ7T3nnhfzsC6TXxvNPiMbWccOv1uAeKWyAbxAOVcea1nmHPim8J02fqpIt-Pu_gUmaNP37foIGE0fyCrTaymSESTJDgoHB6gsGJeiCjYmlSJQsJ1DnZJWGoxG2qKNWsu1eHrc8_xko9ROCiHeHzclQUs:1tY902:5jgxCCvMx1tHnqDyS9qIiey4JHPARlavsF2ShXJA2TI",
    "expire_date": "2025-02-14T19:24:22.728Z"
  }
},
{
  "model": "sessions.session",
  "pk": "oz61i6wyaoeftqt297trybdrj6yoo4k7",
  "fields": {
    "session_data": ".eJxVjssOwiAURP-FtSE8C3Tp3m8gF7ha1ICBNtEY_11rutDtnDOTeRIPyzz5pWPzOZGRWLL7zQLEC5YVpDOUU6WxlrnlQFeFbrTTQ0143W_u38AEffq0WUiMS-4cCObMIBlXcjDHaDE4FMlF6TDZIKPmVhtuhRYKZBRKRZM4fF917D3X4vF-y-1BRqGdYIy93snsP1c:1tX2Dd:Z1GAwy6g65TgoChhbg4xN-fdEDu4_BGFb4ICmZ3R-Fg",
    "expire_date": "2025-02-11T17:57:49.606Z"
  }
},
{
  "model": "sessions.session",
  "pk": "pc9kbuxwwxgs7crc9ml0ri5nvyq287uq",
  "fields": {
    "session_data": ".eJxVjssOwiAURP-FtSE8C3Tp3m8gF7ha1ICBNtEY_11rutDtnDOTeRIPyzz5pWPzOZGRWLL7zQLEC5YVpDOUU6WxlrnlQFeFbrTTQ0143W_u38AEffq0WUiMS-4cCObMIBlXcjDHaDE4FMlF6TDZIKPmVhtuhRYKZBRKRZM4fF917D3X4vF-y-1BRqGdYIy93snsP1c:1tX2r5:IPEhfyQRkhHNxhBl2hQP5_pasPQsCg-ptJYBLQKbDzE",
    "expire_date": "2025-02-11T18:38:35.665Z"
  }
},
{
  "model": "sessions.session",
  "pk": "pnrnhasihq83rsb8qjwtu1y07p6mdsfc",
  "fields": {
    "session_data": ".eJxVjssOwiAURP-FtSE8C3Tp3m8gF7ha1ICBNtEY_11rutDtnDOTeRIPyzz5pWPzOZGRWLL7zQLEC5YVpDOUU6WxlrnlQFeFbrTTQ0143W_u38AEffq0WUiMS-4cCObMIBlXcjDHaDE4FMlF6TDZIKPmVhtuhRYKZBRKRZM4fF917D3X4vF-y-1BRqGdYIy93snsP1c:1tZwS8:Fu6veZy-WTpQGoVG57jTLwI9S7ARkj41sS_pawGc1do",
    "expire_date": "2025-02-19T18:24:48.980Z"
  }
},
{
  "model": "sessions.session",
  "pk": "puu6il61w4qo6hyllvgbij6ovl83fz0m",
  "fields": {
    "session_data": ".eJxVjssOwiAURP-FtSE8C3Tp3m8gF7ha1ICBNtEY_11rutDtnDOTeRIPyzz5pWPzOZGRWLL7zQLEC5YVpDOUU6WxlrnlQFeFbrTTQ0143W_u38AEffq0WUiMS-4cCObMIBlXcjDHaDE4FMlF6TDZIKPmVhtuhRYKZBRKRZM4fF917D3X4vF-y-1BRqGdYIy93snsP1c:1tZpyV:LNJ4I8oyg1h_SdwTH3N2PQ7vL6H8hC9MxhUhXNUnyA4",
    "expire_date": "2025-02-19T11:29:47.274Z"
  }
},
{
  "model": "sessions.session",
  "pk": "qulkaxwtzsllktr2jxjs1b47saoubz7a",
  "fields": {
    "session_data": ".eJxVjssOwiAURP-FtSE8C3Tp3m8gF7ha1ICBNtEY_11rutDtnDOTeRIPyzz5pWPzOZGRWLL7zQLEC5YVpDOUU6WxlrnlQFeFbrTTQ0143W_u38AEffq0WUiMS-4cCObMIBlXcjDHaDE4FMlF6TDZIKPmVhtuhRYKZBRKRZM4fF917D3X4vF-y-1BRqGdYIy93snsP1c:1taFq0:9OBBSJbAHXS5uUBwV8b7H7qjO8ZiGjTUbIsqF_TuoYo",
    "expire_date": "2025-02-20T15:06:44.615Z"
  }
},
{
  "model": "sessions.session",
  "pk": "r5hf6pl8rpjbmy42fkqb9ndjthpneg1l",
  "fields": {
    "session_data": ".eJxVjssOwiAURP-FtSE8C3Tp3m8gF7ha1ICBNtEY_11rutDtnDOTeRIPyzz5pWPzOZGRWLL7zQLEC5YVpDOUU6WxlrnlQFeFbrTTQ0143W_u38AEffq0WUiMS-4cCObMIBlXcjDHaDE4FMlF6TDZIKPmVhtuhRYKZBRKRZM4fF917D3X4vF-y-1BRqGdYIy93snsP1c:1tZwCc:GeBvWH5ZrAaORDlLNfthgvUPBcNQ9T0rujIDK17ltaQ",
    "expire_date": "2025-02-19T18:08:46.981Z"
  }
},
{
  "model": "sessions.session",
  "pk": "r5rgz4hx212kxcj4ft4qk3en9ohjq5iv",
  "fields": {
    "session_data": ".eJxVjssOwiAURP-FtSE8C3Tp3m8gF7ha1ICBNtEY_11rutDtnDOTeRIPyzz5pWPzOZGRWLL7zQLEC5YVpDOUU6WxlrnlQFeFbrTTQ0143W_u38AEffq0WUiMS-4cCObMIBlXcjDHaDE4FMlF6TDZIKPmVhtuhRYKZBRKRZM4fF917D3X4vF-y-1BRqGdYIy93snsP1c:1tZ0qZ:-SimZzu0V0GF68A5k0g9xbNmXSZipyLhiNL0wqCg6SY",
    "expire_date": "2025-02-17T04:54:11.262Z"
  }
},
{
  "model": "sessions.session",
  "pk": "rq023fv773kfmvb389yv5pgfk1uf2tq2",
  "fields": {
    "session_data": ".eJxVjssOwiAURP-FtSE8C3Tp3m8gF7ha1ICBNtEY_11rutDtnDOTeRIPyzz5pWPzOZGRWLL7zQLEC5YVpDOUU6WxlrnlQFeFbrTTQ0143W_u38AEffq0WUiMS-4cCObMIBlXcjDHaDE4FMlF6TDZIKPmVhtuhRYKZBRKRZM4fF917D3X4vF-y-1BRqGdYIy93snsP1c:1tXJCe:sEmXqSoc4r6pLQNLsmCsSlYBULQADseWjYXj-LpF8cs",
    "expire_date": "2025-02-12T12:05:56.396Z"
  }
},
{
  "model": "sessions.session",
  "pk": "rsmqzw1yojlrm2s1uam2mjyva5g5l6yn",
  "fields": {
    "session_data": ".eJxVjMsOwiAQRf-FtSGU8ihduvcbyMAMFjVgSptojP-uTbrQ7T3nnhfzsC6TXxvNPiMbWccOv1uAeKWyAbxAOVcea1nmHPim8J02fqpIt-Pu_gUmaNP37foIGE0fyCrTaymSESTJDgoHB6gsGJeiCjYmlSJQsJ1DnZJWGoxG2qKNWsu1eHrc8_xko9ROCiHeHzclQUs:1tXF2X:SJNQe84JDwqIoiELMwFa4lFRg1aITSMGBX3kt4LGVxA",
    "expire_date": "2025-02-12T07:39:13.008Z"
  }
},
{
  "model": "sessions.session",
  "pk": "ryi07ht7aavsw0inqlk8dsnprm1dxlz5",
  "fields": {
    "session_data": ".eJxVjssOwiAURP-FtSE8C3Tp3m8gF7ha1ICBNtEY_11rutDtnDOTeRIPyzz5pWPzOZGRWLL7zQLEC5YVpDOUU6WxlrnlQFeFbrTTQ0143W_u38AEffq0WUiMS-4cCObMIBlXcjDHaDE4FMlF6TDZIKPmVhtuhRYKZBRKRZM4fF917D3X4vF-y-1BRqGdYIy93snsP1c:1taHM9:tW5c_n4d83GF7newCd1ADjRzVMSoUE-FlU9IrBrQtgc",
    "expire_date": "2025-02-20T16:44:01.254Z"
  }
},
{
  "model": "sessions.session",
  "pk": "seabzob5sgr1qeqm2x18yqhmw1crtpom",
  "fields": {
    "session_data": ".eJxVjMsOwiAQRf-FtSGU8ihduvcbyMAMFjVgSptojP-uTbrQ7T3nnhfzsC6TXxvNPiMbWccOv1uAeKWyAbxAOVcea1nmHPim8J02fqpIt-Pu_gUmaNP37foIGE0fyCrTaymSESTJDgoHB6gsGJeiCjYmlSJQsJ1DnZJWGoxG2qKNWsu1eHrc8_xko9ROCiHeHzclQUs:1tZ2bd:p3z4U81J3o1_X7WK2aWLOivYjDZI_6qGxyMXMlPtb3I",
    "expire_date": "2025-02-17T06:46:53.995Z"
  }
},
{
  "model": "sessions.session",
  "pk": "sl4ymipdzl79rcadkime5rbxes8yld4z",
  "fields": {
    "session_data": ".eJxVjssOwiAURP-FtSE8C3Tp3m8gF7ha1ICBNtEY_11rutDtnDOTeRIPyzz5pWPzOZGRWLL7zQLEC5YVpDOUU6WxlrnlQFeFbrTTQ0143W_u38AEffq0WUiMS-4cCObMIBlXcjDHaDE4FMlF6TDZIKPmVhtuhRYKZBRKRZM4fF917D3X4vF-y-1BRqGdYIy93snsP1c:1tYUc1:cOcPRGuq2m2hVJSlNl3lWzc7nNql_Ir5fqY9kfNYqBU",
    "expire_date": "2025-02-15T18:29:01.476Z"
  }
},
{
  "model": "sessions.session",
  "pk": "swezksn1sjmdbhncz65vxqms65eb6p25",
  "fields": {
    "session_data": ".eJxVjDsOAiEUAO9CbQj_B5b2ewbC5yGrBpJltzLe3ZBsoe3MZN7Eh2Ov_hi4-TWTKzHk8stiSE9sU-RHaPdOU2_7tkY6E3raQZee8XU7279BDaPObTHAwSawmnNji8yysITcyGKEZiWoyBwTPCKgddoKVBCAF5G0kswB-XwBwdg2yQ:1tY1df:pPtp7bLZ5ArnJ9_XStAq7RMnbkXdraQ-E-zdfKVGBjA",
    "expire_date": "2025-01-29T11:32:47.722Z"
  }
},
{
  "model": "sessions.session",
  "pk": "syksrfcglqdpkx777v19936ijvkcftie",
  "fields": {
    "session_data": ".eJxVjssOwiAURP-FtSE8C3Tp3m8gF7ha1ICBNtEY_11rutDtnDOTeRIPyzz5pWPzOZGRWLL7zQLEC5YVpDOUU6WxlrnlQFeFbrTTQ0143W_u38AEffq0WUiMS-4cCObMIBlXcjDHaDE4FMlF6TDZIKPmVhtuhRYKZBRKRZM4fF917D3X4vF-y-1BRqGdYIy93snsP1c:1tZrYL:0LC9-kRQ_yAc_DWQuzsoB0ZmmMM5hIGX3JM5clYwAV8",
    "expire_date": "2025-02-19T13:10:53.058Z"
  }
},
{
  "model": "sessions.session",
  "pk": "tdkmcjgomczox97dkgi448ccczupebit",
  "fields": {
    "session_data": ".eJxVjssOwiAURP-FtSG8WqBL934DgXuvFjVgSptojP-uNV3ods6ZyTxZiMs8hqXRFDKygTm2-81ShAuVFeA5llPlUMs85cRXhW-08UNFuu43929gjG38tEVCIbX0Pirhba-FNLq3R3CUPCn0oD2hSxo66TorneqUiRqUMWBRxu-rRq3lWgLdb3l6sEE6IV5vDUY-vg:1tcigI:fUUbahcjeDHXHO4DEXnaINmw_yVGfu4ktb34ROvTwg0",
    "expire_date": "2025-01-28T10:48:54.851Z"
  }
},
{
  "model": "sessions.session",
  "pk": "tjbhmr6w11cv7zm3gs15g5ekxml81gor",
  "fields": {
    "session_data": ".eJxVjDsOwjAQRO_iGlmx12sbSnrOYK0_iwPIkeKkQtydREoBzRTz3sxbBFqXGtZe5jBmcRFanH67SOlZ2g7yg9p9kmlqyzxGuSvyoF3eplxe18P9O6jU67Y-awdZeWRyqAoSmILRKssRYeDoGWhAVlsWh8Z6nYDBslHeu4gmic8Xz9s3SA:1tY1Sr:5IMRJthAmgOf8twrC-vOPaa9_Ve-qomiAocvkHP7azU",
    "expire_date": "2025-01-29T11:21:37.450Z"
  }
},
{
  "model": "sessions.session",
  "pk": "to23q27orajjp94lpvar4e88amuqo6xt",
  "fields": {
    "session_data": ".eJxVjMsOwiAQRf-FtSGU8ihduvcbyMAMFjVgSptojP-uTbrQ7T3nnhfzsC6TXxvNPiMbWccOv1uAeKWyAbxAOVcea1nmHPim8J02fqpIt-Pu_gUmaNP37foIGE0fyCrTaymSESTJDgoHB6gsGJeiCjYmlSJQsJ1DnZJWGoxG2qKNWsu1eHrc8_xko9ROCiHeHzclQUs:1tc9be:XdsrfiEuzdPoAqQyzYTgvdkIvIss5-aU5bFjY0Ro2is",
    "expire_date": "2025-02-25T20:51:46.159Z"
  }
},
{
  "model": "sessions.session",
  "pk": "u1jjpvgvk35e5fb07npglk1m6u8n4qb2",
  "fields": {
    "session_data": ".eJxVjMsOwiAQRf-FtSGU8ihduvcbyMAMFjVgSptojP-uTbrQ7T3nnhfzsC6TXxvNPiMbWccOv1uAeKWyAbxAOVcea1nmHPim8J02fqpIt-Pu_gUmaNP37foIGE0fyCrTaymSESTJDgoHB6gsGJeiCjYmlSJQsJ1DnZJWGoxG2qKNWsu1eHrc8_xko9ROCiHeHzclQUs:1tSIR3:Z_OLv7yCyy4f15BmTkPIzQjZ9Ja_kX6ZQeHhuA-PuxI",
    "expire_date": "2025-01-29T16:16:05.020Z"
  }
},
{
  "model": "sessions.session",
  "pk": "ucam9cbb5wlsj5hzcpukshvjrjjq0wnp",
  "fields": {
    "session_data": ".eJxVjssOwiAURP-FtSE8C3Tp3m8gF7ha1ICBNtEY_11rutDtnDOTeRIPyzz5pWPzOZGRWLL7zQLEC5YVpDOUU6WxlrnlQFeFbrTTQ0143W_u38AEffq0WUiMS-4cCObMIBlXcjDHaDE4FMlF6TDZIKPmVhtuhRYKZBRKRZM4fF917D3X4vF-y-1BRqGdYIy93snsP1c:1tXF2K:gKNtlUbFEcn8pUh0HEFv146TO7k9fR6VLngE2NGj8H4",
    "expire_date": "2025-02-12T07:39:00.756Z"
  }
},
{
  "model": "sessions.session",
  "pk": "uxy9qyuholb5jr8f02lwd1njaa79byy7",
  "fields": {
    "session_data": ".eJxVjssOwiAURP-FtSE8C3Tp3m8gF7ha1ICBNtEY_11rutDtnDOTeRIPyzz5pWPzOZGRWLL7zQLEC5YVpDOUU6WxlrnlQFeFbrTTQ0143W_u38AEffq0WUiMS-4cCObMIBlXcjDHaDE4FMlF6TDZIKPmVhtuhRYKZBRKRZM4fF917D3X4vF-y-1BRqGdYIy93snsP1c:1tYr6N:7E0XgMVE_bQWUID2CUYB5T-rmXDSjEXuKsVBOwhnm5g",
    "expire_date": "2025-02-16T18:29:51.144Z"
  }
},
{
  "model": "sessions.session",
  "pk": "vm5gxghdzwsjxe4yvmand5r1wdgwokql",
  "fields": {
    "session_data": ".eJxVjssOwiAURP-FtSE8C3Tp3m8gF7ha1ICBNtEY_11rutDtnDOTeRIPyzz5pWPzOZGRWLL7zQLEC5YVpDOUU6WxlrnlQFeFbrTTQ0143W_u38AEffq0WUiMS-4cCObMIBlXcjDHaDE4FMlF6TDZIKPmVhtuhRYKZBRKRZM4fF917D3X4vF-y-1BRqGdYIy93snsP1c:1tWhcX:OSZA6kmvGNfy2fT2YfY88b8o7w9fOE4XRBNRKnJid8A",
    "expire_date": "2025-02-10T19:58:09.386Z"
  }
},
{
  "model": "sessions.session",
  "pk": "vmpmci9jx66f5sgxt7grdxncy5hz2rm8",
  "fields": {
    "session_data": ".eJxVjMsOwiAURP-FtSG8LlCX7v0GwuNiUQOmtInG-O-2SRe6mcXMmfMmzi_z6JaOkyuJHIkgh98u-HjDug3p6uul0djqPJVAN4Tua6fnlvB-2tk_wej7uL4HYWTiFrI3wBG8VAhBc50DSJaDzdIzyHxNNKC0FVFmqbPi1poAKm7Sjr2XVh0-H2V6kaOAQTDGPl_lkz-3:1tavKa:-gB11Ws-YYisKyjuEbyq9xjxWoheGThdp9zIKnfUznY",
    "expire_date": "2025-02-22T11:25:04.049Z"
  }
},
{
  "model": "sessions.session",
  "pk": "w65dfwu9ues27jtzr649ls4qf41fsqt8",
  "fields": {
    "session_data": ".eJxVjssOwiAURP-FtSE8C3Tp3m8gF7ha1ICBNtEY_11rutDtnDOTeRIPyzz5pWPzOZGRWLL7zQLEC5YVpDOUU6WxlrnlQFeFbrTTQ0143W_u38AEffq0WUiMS-4cCObMIBlXcjDHaDE4FMlF6TDZIKPmVhtuhRYKZBRKRZM4fF917D3X4vF-y-1BRqGdYIy93snsP1c:1tYqYf:OGdd-g9SB2bBGH0-zta3YZZ66jnmdsr4Ip8y3EdYSOc",
    "expire_date": "2025-02-16T17:55:01.627Z"
  }
},
{
  "model": "sessions.session",
  "pk": "w9nhenhl0i598kro4k3ualot955073qp",
  "fields": {
    "session_data": ".eJxVjssOwiAURP-FtSE8C3Tp3m8gF7ha1ICBNtEY_11rutDtnDOTeRIPyzz5pWPzOZGRWLL7zQLEC5YVpDOUU6WxlrnlQFeFbrTTQ0143W_u38AEffq0WUiMS-4cCObMIBlXcjDHaDE4FMlF6TDZIKPmVhtuhRYKZBRKRZM4fF917D3X4vF-y-1BRqGdYIy93snsP1c:1tWrIT:Q3zULlb3yefwz4ZAHIYZ614pKT5V4ixP102SNpU4KBU",
    "expire_date": "2025-02-11T06:18:05.430Z"
  }
},
{
  "model": "sessions.session",
  "pk": "wj1m0gwlvcxpzi3cyfeq33bf2nm67n1s",
  "fields": {
    "session_data": ".eJxVjssOwiAURP-FtSE8C3Tp3m8gF7ha1ICBNtEY_11rutDtnDOTeRIPyzz5pWPzOZGRWLL7zQLEC5YVpDOUU6WxlrnlQFeFbrTTQ0143W_u38AEffq0WUiMS-4cCObMIBlXcjDHaDE4FMlF6TDZIKPmVhtuhRYKZBRKRZM4fF917D3X4vF-y-1BRqGdYIy93snsP1c:1tZqUn:4JsOfwnVMOQUEutwnXVRO2mMbakcamWAnVL5-eB0G5s",
    "expire_date": "2025-02-19T12:03:09.183Z"
  }
},
{
  "model": "sessions.session",
  "pk": "wkxam55u38jcumthhg0vysc7mvw0hkiu",
  "fields": {
    "session_data": ".eJxVjssOwiAURP-FtSG8WqBL934DgXuvFjVgSptojP-uNV3ods6ZyTxZiMs8hqXRFDKygTm2-81ShAuVFeA5llPlUMs85cRXhW-08UNFuu43929gjG38tEVCIbX0Pirhba-FNLq3R3CUPCn0oD2hSxo66TorneqUiRqUMWBRxu-rRq3lWgLdb3l6sEE6IV5vDUY-vg:1tciTK:7bG2o3lRXxVhp7cUo3Wky5rwNs30RPALlEuIHWytHDI",
    "expire_date": "2025-01-28T10:35:30.647Z"
  }
},
{
  "model": "sessions.session",
  "pk": "wmcgp0wwsz0mg43v8pv1qnn1t2zkebcz",
  "fields": {
    "session_data": ".eJxVjssOwiAURP-FtSE8C3Tp3m8gF7ha1ICBNtEY_11rutDtnDOTeRIPyzz5pWPzOZGRWLL7zQLEC5YVpDOUU6WxlrnlQFeFbrTTQ0143W_u38AEffq0WUiMS-4cCObMIBlXcjDHaDE4FMlF6TDZIKPmVhtuhRYKZBRKRZM4fF917D3X4vF-y-1BRqGdYIy93snsP1c:1tXJ50:l4Rr491w6hd6oMTD9_29o2J-yTWgzNclyion5-wVBFU",
    "expire_date": "2025-02-12T11:58:02.623Z"
  }
},
{
  "model": "sessions.session",
  "pk": "wmwbdk7wiemu5kceekd0t0athwqd9x6x",
  "fields": {
    "session_data": ".eJxVjMsOwiAQRf-FtSGU8ihduvcbyMAMFjVgSptojP-uTbrQ7T3nnhfzsC6TXxvNPiMbWccOv1uAeKWyAbxAOVcea1nmHPim8J02fqpIt-Pu_gUmaNP37foIGE0fyCrTaymSESTJDgoHB6gsGJeiCjYmlSJQsJ1DnZJWGoxG2qKNWsu1eHrc8_xko9ROCiHeHzclQUs:1tY8yM:IE1P4pMbgFtulpy5Qs6C55leUdHqVGwyd6ZoS3CRIsg",
    "expire_date": "2025-02-14T19:22:38.919Z"
  }
},
{
  "model": "sessions.session",
  "pk": "wnl13ynsktwxvu0q8a6rdz04e61gqo7a",
  "fields": {
    "session_data": ".eJxVjssOwiAURP-FtSE8C3Tp3m8gF7ha1ICBNtEY_11rutDtnDOTeRIPyzz5pWPzOZGRWLL7zQLEC5YVpDOUU6WxlrnlQFeFbrTTQ0143W_u38AEffq0WUiMS-4cCObMIBlXcjDHaDE4FMlF6TDZIKPmVhtuhRYKZBRKRZM4fF917D3X4vF-y-1BRqGdYIy93snsP1c:1tZvdJ:wJs4HhyzwhiyROoOs8jTe-VGF2ThfgAXYEhVzdsvVpg",
    "expire_date": "2025-02-19T17:32:17.658Z"
  }
},
{
  "model": "sessions.session",
  "pk": "woncmftu169r6466027wpng7ao0308zj",
  "fields": {
    "session_data": ".eJxVjDsOAiEUAO9CbQj_B5b2ewbC5yGrBpJltzLe3ZBsoe3MZN7Eh2Ov_hi4-TWTKzHk8stiSE9sU-RHaPdOU2_7tkY6E3raQZee8XU7279BDaPObTHAwSawmnNji8yysITcyGKEZiWoyBwTPCKgddoKVBCAF5G0kswB-XwBwdg2yQ:1tWq3V:DL1JyB0bgGWr5mY4WZUxqcYGVR5Xfs5NVmU94UyNO8A",
    "expire_date": "2025-01-26T04:58:33.714Z"
  }
},
{
  "model": "sessions.session",
  "pk": "wy6ryz3b6uhdtbn9dmzjr5uvodhspc5y",
  "fields": {
    "session_data": ".eJxVjssOwiAURP-FtSE8C3Tp3m8gF7ha1ICBNtEY_11rutDtnDOTeRIPyzz5pWPzOZGRWLL7zQLEC5YVpDOUU6WxlrnlQFeFbrTTQ0143W_u38AEffq0WUiMS-4cCObMIBlXcjDHaDE4FMlF6TDZIKPmVhtuhRYKZBRKRZM4fF917D3X4vF-y-1BRqGdYIy93snsP1c:1tZ2RC:ySGe4G2NWgAztCqSIIT1OHDhzJy_9Y6kNZCyKjEozp8",
    "expire_date": "2025-02-17T06:36:06.016Z"
  }
},
{
  "model": "sessions.session",
  "pk": "xahy09gk99yjicugo1gtz7982bhx5iha",
  "fields": {
    "session_data": ".eJxVjssOwiAURP-FtSE8C3Tp3m8gF7ha1ICBNtEY_11rutDtnDOTeRIPyzz5pWPzOZGRWLL7zQLEC5YVpDOUU6WxlrnlQFeFbrTTQ0143W_u38AEffq0WUiMS-4cCObMIBlXcjDHaDE4FMlF6TDZIKPmVhtuhRYKZBRKRZM4fF917D3X4vF-y-1BRqGdYIy93snsP1c:1tcRvb:WngnPgYkXVGieVj7xbNsnnAnDspnwWJdUrAUVDGL5Bc",
    "expire_date": "2025-02-26T16:25:35.038Z"
  }
},
{
  "model": "sessions.session",
  "pk": "y619idw4mo6q3lp4380auitkrz635bc2",
  "fields": {
    "session_data": ".eJxVjssOwiAURP-FtSE8C3Tp3m8gF7ha1ICBNtEY_11rutDtnDOTeRIPyzz5pWPzOZGRWLL7zQLEC5YVpDOUU6WxlrnlQFeFbrTTQ0143W_u38AEffq0WUiMS-4cCObMIBlXcjDHaDE4FMlF6TDZIKPmVhtuhRYKZBRKRZM4fF917D3X4vF-y-1BRqGdYIy93snsP1c:1tZrye:y2D7EmzmoWp3IKS0lGS27MQ3dIbVCXcJ8jNTqNTv2aM",
    "expire_date": "2025-02-19T13:38:04.197Z"
  }
},
{
  "model": "sessions.session",
  "pk": "ya91op0vz5kqgx2e1tdohd49jxz4lmn3",
  "fields": {
    "session_data": ".eJxVjssOwiAURP-FtSE8C3Tp3m8gF7ha1ICBNtEY_11rutDtnDOTeRIPyzz5pWPzOZGRWLL7zQLEC5YVpDOUU6WxlrnlQFeFbrTTQ0143W_u38AEffq0WUiMS-4cCObMIBlXcjDHaDE4FMlF6TDZIKPmVhtuhRYKZBRKRZM4fF917D3X4vF-y-1BRqGdYIy93snsP1c:1tZq16:UZJZSgqF0OZ4GLgiKfqfad43fG-6Oos5rJJ0rLl92b4",
    "expire_date": "2025-02-19T11:32:28.326Z"
  }
},
{
  "model": "sessions.session",
  "pk": "z5pd9liy73uhzw0u9ih7rvcb26hncbnw",
  "fields": {
    "session_data": ".eJxVjssOwiAURP-FtSE8C3Tp3m8gF7ha1ICBNtEY_11rutDtnDOTeRIPyzz5pWPzOZGRWLL7zQLEC5YVpDOUU6WxlrnlQFeFbrTTQ0143W_u38AEffq0WUiMS-4cCObMIBlXcjDHaDE4FMlF6TDZIKPmVhtuhRYKZBRKRZM4fF917D3X4vF-y-1BRqGdYIy93snsP1c:1tWqkx:ufMDbW98Q3lE72RAT5ZWVxpJwJfbsdRbpdJHRyzN1zk",
    "expire_date": "2025-02-11T05:43:27.278Z"
  }
},
{
  "model": "sessions.session",
  "pk": "zr7tuxtnoa990ywvc4mf54nuuafbvcz2",
  "fields": {
    "session_data": ".eJxVjMsOwiAQRf-FtSGU8ihduvcbyMAMFjVgSptojP-uTbrQ7T3nnhfzsC6TXxvNPiMbWccOv1uAeKWyAbxAOVcea1nmHPim8J02fqpIt-Pu_gUmaNP37foIGE0fyCrTaymSESTJDgoHB6gsGJeiCjYmlSJQsJ1DnZJWGoxG2qKNWsu1eHrc8_xko9ROCiHeHzclQUs:1tSW2U:RC7rC2R1JLR-Ds_MeneSGVd1BC06xwk8QQKloeJe4mA",
    "expire_date": "2025-01-30T06:47:38.969Z"
  }
},
{
  "model": "sessions.session",
  "pk": "zv5pdcjkh5jchn1anc5sq59xso6p209i",
  "fields": {
    "session_data": ".eJxVjMsOwiAURP-FtSG8LlCX7v0GwuNiUQOmtInG-O-2SRe6mcXMmfMmzi_z6JaOkyuJHIkgh98u-HjDug3p6uul0djqPJVAN4Tua6fnlvB-2tk_wej7uL4HYWTiFrI3wBG8VAhBc50DSJaDzdIzyHxNNKC0FVFmqbPi1poAKm7Sjr2XVh0-H2V6kaOAQTDGPl_lkz-3:1tbG7S:DaSrMCi0hT9i7GUb5pQYGGsnVebwnOxYWQKH_JYhN2A",
    "expire_date": "2025-02-23T09:36:54.603Z"
  }
},
{
  "model": "Case.case",
  "pk": 1,
  "fields": {
    "case_id": 1000,
    "claim_number": "",
    "hod_id": "",
    "coordinator_id": "CO3070257634",
    "medical_officer_id": "MO2464589212",
    "data_entry_id": "DE8004001489",
    "document_paths": [
      "uploads/ICICI Form.pdf",
      "uploads/220204031559.zip",
      "uploads/Adobe Scan 30-Dec-2024 (3).pdf",
      "uploads/Adobe Scan 30-Dec-2024 (4).pdf",
      "uploads/Adobe Scan 30-Dec-2024 (8).pdf",
      "uploads/Adobe Scan 30-Dec-2024 (11).pdf",
      "uploads/220204031559_TDS.pdf"
    ],
    "case_status": "Complete"
  }
},
{
  "model": "Case.case",
  "pk": 2,
  "fields": {
    "case_id": 1001,
    "claim_number": "11",
    "hod_id": "HO4511418465",
    "coordinator_id": "CO3070257634",
    "medical_officer_id": null,
    "data_entry_id": null,
    "document_paths": [
      "uploads/IMG-20241231-WA0009.jpg"
    ],
    "case_status": "Creation_confirmation"
  }
},
{
  "model": "Case.case",
  "pk": 3,
  "fields": {
    "case_id": 1002,
    "claim_number": "",
    "hod_id": "HO1215113527",
    "coordinator_id": "CO3070257634",
    "medical_officer_id": "MO2464589212",
    "data_entry_id": "DE8004001489",
    "document_paths": [
      "uploads/220204031559_TDS(1).pdf",
      "uploads/Adobe Scan 30-Dec-2024 (7).pdf",
      "uploads/lab.pdf"
    ],
    "case_status": "Investigation"
  }
},
{
  "model": "Case.case",
  "pk": 4,
  "fields": {
    "case_id": 1003,
    "claim_number": "",
    "hod_id": "",
    "coordinator_id": "CO3070257634",
    "medical_officer_id": null,
    "data_entry_id": null,
    "document_paths": [
      "uploads/Adobe Scan 30-Dec-2024 (10).pdf"
    ],
    "case_status": "Creation_confirmation"
  }
},
{
  "model": "Case.case",
  "pk": 5,
  "fields": {
    "case_id": 1004,
    "claim_number": "749241",
    "hod_id": "HO9674504149",
    "coordinator_id": "CO2122490557",
    "medical_officer_id": null,
    "data_entry_id": null,
    "document_paths": [
      "uploads/case.pdf",
      "uploads/video.mp4",
      "uploads/image.jpeg",
      "uploads/audio.ogg",
      "uploads/20250110_031717.mp4",
      "uploads/Screenshot_20250108_145520.jpg",
      "uploads/IMG-20250111-WA0003.jpg",
      "uploads/image2477452406541584811.jpg",
      "uploads/image1233919000883389037.jpg",
      "uploads/video8697131879711318499.mp4",
      "uploads/20250111_232951.jpg",
      "uploads/image5714348478979406396.jpg"
    ],
    "case_status": "Creation_confirmation"
  }
},
{
  "model": "Case.case",
  "pk": 6,
  "fields": {
    "case_id": 1005,
    "claim_number": "",
    "hod_id": "",
    "coordinator_id": "CO2122490557",
    "medical_officer_id": null,
    "data_entry_id": null,
    "document_paths": [
      "uploads/image2868390522222940893.jpg"
    ],
    "case_status": "Creation"
  }
},
{
  "model": "Case.case",
  "pk": 7,
  "fields": {
    "case_id": 1006,
    "claim_number": "",
    "hod_id": "",
    "coordinator_id": "CO2122490557",
    "medical_officer_id": null,
    "data_entry_id": null,
    "document_paths": [
      "uploads/image177627196261402911.jpg",
      "uploads/image378763463995102731.jpg",
      "uploads/video1916975134381952492.mp4"
    ],
    "case_status": "Creation"
  }
},
{
  "model": "Case.case",
  "pk": 8,
  "fields": {
    "case_id": 1007,
    "claim_number": "",
    "hod_id": "",
    "coordinator_id": "CO2122490557",
    "medical_officer_id": null,
    "data_entry_id": null,
    "document_paths": [
      "uploads/image8706486070089635634.jpg"
    ],
    "case_status": "Creation"
  }
},
{
  "model": "Case.case",
  "pk": 9,
  "fields": {
    "case_id": 1008,
    "claim_number": "",
    "hod_id": "",
    "coordinator_id": "CO2122490557",
    "medical_officer_id": null,
    "data_entry_id": null,
    "document_paths": [
      "uploads/Ramayan instrumental music ringtone  shree ram instrumental ringtone Peaceful ringtone of ramayan.mp3",
      "uploads/20250111_215302.mp4"
    ],
    "case_status": "Creation"
  }
},
{
  "model": "Case.case",
  "pk": 10,
  "fields": {
    "case_id": 1009,
    "claim_number": "1221",
    "hod_id": "",
    "coordinator_id": "CO3070257634",
    "medical_officer_id": null,
    "data_entry_id": null,
    "document_paths": [
      "uploads/PoraOaObv4IzdWUtAdzy.pdf",
      "uploads/Screenshot_20241220_114224_LinkedIn.jpg"
    ],
    "case_status": "Creation_confirmation"
  }
},
{
  "model": "Case.case",
  "pk": 11,
  "fields": {
    "case_id": 1010,
    "claim_number": "",
    "hod_id": "",
    "coordinator_id": "CO2122490557",
    "medical_officer_id": null,
    "data_entry_id": null,
    "document_paths": [
      "uploads/image7487130128558262842.jpg",
      "uploads/image8094795521340074982.jpg"
    ],
    "case_status": "Creation"
  }
},
{
  "model": "Case.case",
  "pk": 12,
  "fields": {
    "case_id": 1011,
    "claim_number": "",
    "hod_id": "",
    "coordinator_id": "CO3070257634",
    "medical_officer_id": null,
    "data_entry_id": null,
    "document_paths": [
      "uploads/Screenshot_20250113_095809.jpg",
      "uploads/Screenshot_20250113_095821.jpg",
      "uploads/Screenshot_20250113_095812.jpg"
    ],
    "case_status": "Creation_confirmation"
  }
},
{
  "model": "Case.case",
  "pk": 13,
  "fields": {
    "case_id": 1012,
    "claim_number": "",
    "hod_id": "",
    "coordinator_id": "CO2122490557",
    "medical_officer_id": null,
    "data_entry_id": null,
    "document_paths": [
      "uploads/Screenshot_20250113_130917.jpg"
    ],
    "case_status": "Creation"
  }
},
{
  "model": "Case.case",
  "pk": 14,
  "fields": {
    "case_id": 1013,
    "claim_number": "",
    "hod_id": "",
    "coordinator_id": "CO2122490557",
    "medical_officer_id": null,
    "data_entry_id": null,
    "document_paths": [
      "uploads/Screenshot_20250113_130917(1).jpg",
      "uploads/IMG_0111.jpeg",
      "uploads/video7849259950055364128.mp4"
    ],
    "case_status": "Creation"
  }
},
{
  "model": "Case.case",
  "pk": 15,
  "fields": {
    "case_id": 1014,
    "claim_number": "1254312443",
    "hod_id": "",
    "coordinator_id": "CO2122490557",
    "medical_officer_id": null,
    "data_entry_id": null,
    "document_paths": [
      "uploads/Screenshot_20250113_130917(2).jpg",
      "uploads/IMG_0001.jpeg"
    ],
    "case_status": "Creation_confirmation"
  }
},
{
  "model": "Case.case",
  "pk": 16,
  "fields": {
    "case_id": 1015,
    "claim_number": "",
    "hod_id": "",
    "coordinator_id": "CO2122490557",
    "medical_officer_id": null,
    "data_entry_id": null,
    "document_paths": [
      "uploads/Screenshot_20250113_130917(3).jpg"
    ],
    "case_status": "Creation"
  }
},
{
  "model": "Case.case",
  "pk": 17,
  "fields": {
    "case_id": 1016,
    "claim_number": "1234",
    "hod_id": "",
    "coordinator_id": "CO2122490557",
    "medical_officer_id": null,
    "data_entry_id": null,
    "document_paths": [
      "uploads/Screenshot_20250113_130917(4).jpg"
    ],
    "case_status": "Creation_confirmation"
  }
},
{
  "model": "Case.case",
  "pk": 18,
  "fields": {
    "case_id": 1017,
    "claim_number": "220101254961",
    "hod_id": "HO1215113527",
    "coordinator_id": "CO3070257634",
    "medical_officer_id": null,
    "data_entry_id": null,
    "document_paths": [
      "uploads/Policy.pdf",
      "uploads/Policy(1).pdf",
      "uploads/ClaimForm_191091338.pdf"
    ],
    "case_status": "Creation_confirmation"
  }
},
{
  "model": "Case.case",
  "pk": 19,
  "fields": {
    "case_id": 1018,
    "claim_number": "220101256304",
    "hod_id": "",
    "coordinator_id": "CO3070257634",
    "medical_officer_id": null,
    "data_entry_id": null,
    "document_paths": [
      "uploads/523120CF001.pdf523120_0$.pdf"
    ],
    "case_status": "Creation_confirmation"
  }
},
{
  "model": "Case.case",
  "pk": 20,
  "fields": {
    "case_id": 1019,
    "claim_number": "220101256304",
    "hod_id": "HO1215113527",
    "coordinator_id": "CO3070257634",
    "medical_officer_id": "MO2464589212",
    "data_entry_id": "DE8004001489",
    "document_paths": [
      "uploads/DOC_1735653553349.pdf",
      "uploads/15000560.pdf"
    ],
    "case_status": "Medical"
  }
},
{
  "model": "Case.case",
  "pk": 21,
  "fields": {
    "case_id": 1020,
    "claim_number": "",
    "hod_id": "",
    "coordinator_id": "CO3070257634",
    "medical_officer_id": null,
    "data_entry_id": null,
    "document_paths": [
      "uploads/DOC_1735645994675.jpg"
    ],
    "case_status": "Creation"
  }
},
{
  "model": "Case.case",
  "pk": 22,
  "fields": {
    "case_id": 1021,
    "claim_number": "220204056665",
    "hod_id": "HO1215113527",
    "coordinator_id": "CO3070257634",
    "medical_officer_id": "MO2464589212",
    "data_entry_id": "DE8004001489",
    "document_paths": [
      "uploads/DOC_1735645994675(1).jpg",
      "uploads/Policy(2).pdf"
    ],
    "case_status": "Data_entry"
  }
},
{
  "model": "Case.case",
  "pk": 23,
  "fields": {
    "case_id": 1022,
    "claim_number": "",
    "hod_id": "HO1215113527",
    "coordinator_id": "CO3070257634",
    "medical_officer_id": null,
    "data_entry_id": null,
    "document_paths": [
      "uploads/ClaimForm_191091338(1).pdf"
    ],
    "case_status": "Creation"
  }
},
{
  "model": "Case.case",
  "pk": 24,
  "fields": {
    "case_id": 1023,
    "claim_number": "",
    "hod_id": "HO1215113527",
    "coordinator_id": "CO3070257634",
    "medical_officer_id": null,
    "data_entry_id": null,
    "document_paths": [
      "uploads/DOC_1735653553349(1).pdf"
    ],
    "case_status": "Creation"
  }
},
{
  "model": "Case.case",
  "pk": 25,
  "fields": {
    "case_id": 1024,
    "claim_number": "",
    "hod_id": "",
    "coordinator_id": "CO2122490557",
    "medical_officer_id": null,
    "data_entry_id": null,
    "document_paths": [
      "uploads/image6557836557339099318.jpg"
    ],
    "case_status": "Creation"
  }
},
{
  "model": "Case.case",
  "pk": 26,
  "fields": {
    "case_id": 1025,
    "claim_number": "",
    "hod_id": "",
    "coordinator_id": "CO2122490557",
    "medical_officer_id": null,
    "data_entry_id": null,
    "document_paths": [
      "uploads/image4507604683835881167.jpg"
    ],
    "case_status": "Creation"
  }
},
{
  "model": "Case.case",
  "pk": 27,
  "fields": {
    "case_id": 1026,
    "claim_number": "",
    "hod_id": "",
    "coordinator_id": "CO2122490557",
    "medical_officer_id": null,
    "data_entry_id": null,
    "document_paths": [
      "uploads/cropedimage 1736164157437.png"
    ],
    "case_status": "Creation"
  }
},
{
  "model": "Case.case",
  "pk": 28,
  "fields": {
    "case_id": 1027,
    "claim_number": "",
    "hod_id": "",
    "coordinator_id": "CO2122490557",
    "medical_officer_id": null,
    "data_entry_id": null,
    "document_paths": [
      "uploads/IMG_0005.jpeg",
      "uploads/IMG_0001(1).jpeg",
      "uploads/image4204564388292879401.jpg"
    ],
    "case_status": "Creation"
  }
},
{
  "model": "Case.case",
  "pk": 29,
  "fields": {
    "case_id": 1028,
    "claim_number": "",
    "hod_id": "",
    "coordinator_id": "CO2122490557",
    "medical_officer_id": null,
    "data_entry_id": null,
    "document_paths": [
      "uploads/image.jpg"
    ],
    "case_status": "Creation"
  }
},
{
  "model": "Case.case",
  "pk": 30,
  "fields": {
    "case_id": 1029,
    "claim_number": "",
    "hod_id": "",
    "coordinator_id": "CO2122490557",
    "medical_officer_id": null,
    "data_entry_id": null,
    "document_paths": [
      "uploads/IMG_1737395397025.jpg"
    ],
    "case_status": "Creation"
  }
},
{
  "model": "Case.case",
  "pk": 31,
  "fields": {
    "case_id": 1030,
    "claim_number": "220204062766",
    "hod_id": "HO1215113527",
    "coordinator_id": "CO8049220510",
    "medical_officer_id": null,
    "data_entry_id": null,
    "document_paths": [
      "uploads/BANKDETAILS.pdf520850_0$.pdf"
    ],
    "case_status": "Creation_confirmation"
  }
},
{
  "model": "Case.case",
  "pk": 32,
  "fields": {
    "case_id": 1031,
    "claim_number": "220204068270",
    "hod_id": "HO4125258965",
    "coordinator_id": "CO3070257634",
    "medical_officer_id": "MO2464589212",
    "data_entry_id": null,
    "document_paths": [
      "uploads/ClaimForm_IL23712462200.pdf"
    ],
    "case_status": "Medical_confirmation"
  }
},
{
  "model": "Case.case",
  "pk": 33,
  "fields": {
    "case_id": 1032,
    "claim_number": "220204068735",
    "hod_id": "HO7729685891",
    "coordinator_id": "CO3070257634",
    "medical_officer_id": null,
    "data_entry_id": null,
    "document_paths": [
      "uploads/SELVARAJ RECONSIDER REQUEST.pdf"
    ],
    "case_status": "Creation_confirmation"
  }
},
{
  "model": "Case.case",
  "pk": 34,
  "fields": {
    "case_id": 1033,
    "claim_number": "",
    "hod_id": "HO1215113527",
    "coordinator_id": "CO3070257634",
    "medical_officer_id": null,
    "data_entry_id": null,
    "document_paths": [
      "uploads/CONSULTATIONNOTE.pdf520850_0$.pdf"
    ],
    "case_status": "Creation"
  }
},
{
  "model": "Case.case",
  "pk": 35,
  "fields": {
    "case_id": 1034,
    "claim_number": "520850",
    "hod_id": "HO4125258965",
    "coordinator_id": "CO3070257634",
    "medical_officer_id": "MO2464589212",
    "data_entry_id": null,
    "document_paths": [
      "uploads/DISCHARGESUMMARY.pdf520850_0$.pdf",
      "uploads/BILLS.pdf520850_0$.pdf"
    ],
    "case_status": "Investigation_confirmation"
  }
},
{
  "model": "Case.case",
  "pk": 36,
  "fields": {
    "case_id": 1035,
    "claim_number": "",
    "hod_id": "HO1215113527",
    "coordinator_id": "CO3070257634",
    "medical_officer_id": null,
    "data_entry_id": null,
    "document_paths": [
      "uploads/CONSULTATIONNOTE.pdf520850_0$(1).pdf"
    ],
    "case_status": "Creation"
  }
},
{
  "model": "Case.case",
  "pk": 37,
  "fields": {
    "case_id": 1036,
    "claim_number": "",
    "hod_id": "HO1215113527",
    "coordinator_id": "CO3070257634",
    "medical_officer_id": null,
    "data_entry_id": null,
    "document_paths": [
      "uploads/Untitled.pdf"
    ],
    "case_status": "Creation"
  }
},
{
  "model": "Case.case",
  "pk": 38,
  "fields": {
    "case_id": 1037,
    "claim_number": "",
    "hod_id": "",
    "coordinator_id": "CO2122490557",
    "medical_officer_id": null,
    "data_entry_id": null,
    "document_paths": [
      "uploads/IMG_1737395397025(1).jpg"
    ],
    "case_status": "Creation"
  }
},
{
  "model": "Case.case",
  "pk": 39,
  "fields": {
    "case_id": 1038,
    "claim_number": "",
    "hod_id": "",
    "coordinator_id": "CO2122490557",
    "medical_officer_id": null,
    "data_entry_id": null,
    "document_paths": [
      "uploads/IMG_0111(1).jpeg",
      "uploads/image(1).jpg",
      "uploads/image2346913724797458950.jpg",
      "uploads/d7d72685-145b-4ea9-8476-22e1e3ca5f85.jpeg"
    ],
    "case_status": "Creation"
  }
},
{
  "model": "Case.case",
  "pk": 40,
  "fields": {
    "case_id": 1039,
    "claim_number": "",
    "hod_id": "HO1215113527",
    "coordinator_id": "CO3070257634",
    "medical_officer_id": null,
    "data_entry_id": null,
    "document_paths": [
      "uploads/CONSULTATIONNOTE.pdf520850_0$(2).pdf"
    ],
    "case_status": "Creation"
  }
},
{
  "model": "Case.case",
  "pk": 41,
  "fields": {
    "case_id": 1040,
    "claim_number": "",
    "hod_id": "",
    "coordinator_id": "CO2122490557",
    "medical_officer_id": null,
    "data_entry_id": null,
    "document_paths": [
      "uploads/Yash - Resume (3).pdf"
    ],
    "case_status": "Creation"
  }
},
{
  "model": "Case.case",
  "pk": 42,
  "fields": {
    "case_id": 1041,
    "claim_number": "220204032363",
    "hod_id": "HO1215113527",
    "coordinator_id": "CO3070257634",
    "medical_officer_id": "MO2464589212",
    "data_entry_id": "DE8004001489",
    "document_paths": [
      "uploads/INDOORCASEPAPER.pdf520850_0$.pdf",
      "uploads/Untitled(1).pdf",
      "uploads/CONSULTATIONNOTE.pdf520850_0$(3).pdf",
      "uploads/CLAIMFORM.pdf520850_0$.pdf"
    ],
    "case_status": "Data_entry"
  }
},
{
  "model": "Case.case",
  "pk": 43,
  "fields": {
    "case_id": 1042,
    "claim_number": "220204066876",
    "hod_id": "HO1215113527",
    "coordinator_id": "CO3070257634",
    "medical_officer_id": "MO2464589212",
    "data_entry_id": null,
    "document_paths": [
      "uploads/INVASTIGATIONREPORT.pdf520850_0$.pdf",
      "uploads/INDOORCASEPAPER.pdf520850_0$(1).pdf"
    ],
    "case_status": "Investigation_confirmation"
  }
},
{
  "model": "Case.casedetails",
  "pk": 1,
  "fields": {
    "case_id": 1000,
    "coordinator_id": "CO3070257634",
    "claim_number": "220204031559",
    "insurance_company": "ICICI Lombard",
    "type_of_case": "HealthClaimReport",
    "rate": "",
    "doa": "2024-12-01",
    "dod": "2024-12-06",
    "hospital_name": "Gayathri Hospital Pvt.ltd",
    "city": "Banglore",
    "state": "karnataka",
    "claim_value": "120000",
    "diagnosis": "Infective fistula in ano anterior for AD fistulotomy ",
    "insured_name": null,
    "insured_number": null,
    "insured_address": null,
    "medical_officer_remarks": "As per documents, 3 months/ Female patient was admitted from 20-11-2024 to 27-11-2024 under Dr. Chandrakant for the C/O-pain while urination since 7-8 days with h/o-fever 10-12 days before. Diagnosed as UTI-urine culture +ve ( Klebsiella SPP) and was treated conservatively. As per TD-patient admitted with C/O- pain while micturition (mostly at midnight) since 7-8 days with fever. Etiology is bacteria and other microbes enter urinary tract and cause UTI. Need of admission is due to UTI. Hospital is 45 bedded with 4 RMO, 16 doctors, 15 nursing staff. Admitted in Semi special which costing Rs.4000/- day, paid Rs. 29100/- against final hospital bill by online transactions. Hospital is 5 bedded. Treating doctor and pathologist registration details, verified on NMC site. As per Google review, hospital works 24/7 (4.2/5 rating). The distance between hospital and insureds residence is approx. 6.7 km. Investigation done in SS Clinical lab but reports are signed and verified by DMLT person i.e. Mr. Kamalkar Ahirrao. No MD pathologist attached. Microbiology test report done in Aarmaan micro lab- after scanning QR code report findings matched with submitted report. Some done in Rajole path lab, pathologist is Dr. Mahendra Rajole- registration details verified on NMC site.  Only ICPs seems single stretched. No any other discrepancies found. Based on findings, said claim seems genuine hence recommended for payable.",
    "final_report": null,
    "status_of_claim": null,
    "claim_approved_amount": null
  }
},
{
  "model": "Case.casedetails",
  "pk": 2,
  "fields": {
    "case_id": 1002,
    "coordinator_id": "CO3070257634",
    "claim_number": "220204032363",
    "insurance_company": "ICICI Lombard",
    "type_of_case": "HealthClaimReport",
    "rate": "",
    "doa": "2024-12-12",
    "dod": "2024-12-16",
    "hospital_name": "Gaurav Accidental Hospital",
    "city": "nNashik",
    "state": "Mahara",
    "claim_value": "120000",
    "diagnosis": "Scaphoid Waist",
    "insured_name": null,
    "insured_number": null,
    "insured_address": null,
    "medical_officer_remarks": "As per documents, 3 months/ Female patient was admitted from 20-11-2024 to 27-11-2024 under Dr. Chandrakant for the C/O-pain while urination since 7-8 days with h/o-fever 10-12 days before. Diagnosed as UTI-urine culture +ve ( Klebsiella SPP) and was treated conservatively. As per TD-patient admitted with C/O- pain while micturition (mostly at midnight) since 7-8 days with fever. Etiology is bacteria and other microbes enter urinary tract and cause UTI. Need of admission is due to UTI. Hospital is 45 bedded with 4 RMO, 16 doctors, 15 nursing staff. Admitted in Semi special which costing Rs.4000/- day, paid Rs. 29100/- against final hospital bill by online transactions. Hospital is 5 bedded. Treating doctor and pathologist registration details, verified on NMC site. As per Google review, hospital works 24/7 (4.2/5 rating). The distance between hospital and insureds residence is approx. 6.7 km. Investigation done in SS Clinical lab but reports are signed and verified by DMLT person i.e. Mr. Kamalkar Ahirrao. No MD pathologist attached. Microbiology test report done in Aarmaan micro lab- after scanning QR code report findings matched with submitted report. Some done in Rajole path lab, pathologist is Dr. Mahendra Rajole- registration details verified on NMC site.  Only ICPs seems single stretched. No any other discrepancies found. Based on findings, said claim seems genuine hence recommended for payable.",
    "final_report": null,
    "status_of_claim": null,
    "claim_approved_amount": null
  }
},
{
  "model": "Case.casedetails",
  "pk": 3,
  "fields": {
    "case_id": 1003,
    "coordinator_id": "CO3070257634",
    "claim_number": "2202044030365",
    "insurance_company": "ICICI Lombard",
    "type_of_case": "CashlessClaimReport",
    "rate": "",
    "doa": "2024-12-12",
    "dod": "2024-11-18",
    "hospital_name": "Gaurav Accidental Hospital",
    "city": "nNashik",
    "state": "Mahara",
    "claim_value": "120000",
    "diagnosis": "Scaphoid Waist",
    "insured_name": null,
    "insured_number": null,
    "insured_address": null,
    "medical_officer_remarks": null,
    "final_report": null,
    "status_of_claim": null,
    "claim_approved_amount": null
  }
},
{
  "model": "Case.casedetails",
  "pk": 4,
  "fields": {
    "case_id": 1004,
    "coordinator_id": "CO2122490557",
    "claim_number": "749241",
    "insurance_company": "ICICI Lombard",
    "type_of_case": "HDCClosureReport",
    "rate": "",
    "doa": "2025-01-14",
    "dod": "2025-01-20",
    "hospital_name": "City Hospital",
    "city": "Ahmedabad",
    "state": "Gujarat",
    "claim_value": "120000",
    "diagnosis": "Scaphoid Waist",
    "insured_name": null,
    "insured_number": null,
    "insured_address": null,
    "medical_officer_remarks": null,
    "final_report": null,
    "status_of_claim": null,
    "claim_approved_amount": null
  }
},
{
  "model": "Case.casedetails",
  "pk": 5,
  "fields": {
    "case_id": 1001,
    "coordinator_id": "CO3070257634",
    "claim_number": "11",
    "insurance_company": "",
    "type_of_case": "",
    "rate": "",
    "doa": "",
    "dod": "",
    "hospital_name": "",
    "city": "",
    "state": "",
    "claim_value": "",
    "diagnosis": "",
    "insured_name": null,
    "insured_number": null,
    "insured_address": null,
    "medical_officer_remarks": null,
    "final_report": null,
    "status_of_claim": null,
    "claim_approved_amount": null
  }
},
{
  "model": "Case.casedetails",
  "pk": 6,
  "fields": {
    "case_id": 1009,
    "coordinator_id": "CO3070257634",
    "claim_number": "1221",
    "insurance_company": "Xyz",
    "type_of_case": "HDCClosureReport",
    "rate": "",
    "doa": "",
    "dod": "",
    "hospital_name": "",
    "city": "",
    "state": "",
    "claim_value": "",
    "diagnosis": "",
    "insured_name": null,
    "insured_number": null,
    "insured_address": null,
    "medical_officer_remarks": null,
    "final_report": null,
    "status_of_claim": null,
    "claim_approved_amount": null
  }
},
{
  "model": "Case.casedetails",
  "pk": 7,
  "fields": {
    "case_id": 1011,
    "coordinator_id": "CO3070257634",
    "claim_number": "",
    "insurance_company": "",
    "type_of_case": "",
    "rate": "",
    "doa": "",
    "dod": "",
    "hospital_name": "",
    "city": "",
    "state": "",
    "claim_value": "",
    "diagnosis": "",
    "insured_name": null,
    "insured_number": null,
    "insured_address": null,
    "medical_officer_remarks": null,
    "final_report": null,
    "status_of_claim": null,
    "claim_approved_amount": null
  }
},
{
  "model": "Case.casedetails",
  "pk": 8,
  "fields": {
    "case_id": 1017,
    "coordinator_id": "CO3070257634",
    "claim_number": "220101254961",
    "insurance_company": "ICICI Lombard",
    "type_of_case": "ClaimReport",
    "rate": "",
    "doa": "2024-10-24",
    "dod": "",
    "hospital_name": "Gaurav Accidental Hospital",
    "city": "banglore",
    "state": "karnataka",
    "claim_value": "150000",
    "diagnosis": "ACQUIRED SPONDYLOLITHASIS",
    "insured_name": null,
    "insured_number": null,
    "insured_address": null,
    "medical_officer_remarks": null,
    "final_report": null,
    "status_of_claim": null,
    "claim_approved_amount": null
  }
},
{
  "model": "Case.casedetails",
  "pk": 9,
  "fields": {
    "case_id": 1018,
    "coordinator_id": "CO3070257634",
    "claim_number": "220101256304",
    "insurance_company": "ICICI LOAMBARD",
    "type_of_case": "ClaimReport",
    "rate": "",
    "doa": "2024-12-12",
    "dod": "2024-12-17",
    "hospital_name": "Matoshree Homoeopathic Hospital",
    "city": "Kolhapur",
    "state": "Maharashtra",
    "claim_value": "74560",
    "diagnosis": "enteric Fever",
    "insured_name": null,
    "insured_number": null,
    "insured_address": null,
    "medical_officer_remarks": null,
    "final_report": null,
    "status_of_claim": null,
    "claim_approved_amount": null
  }
},
{
  "model": "Case.casedetails",
  "pk": 10,
  "fields": {
    "case_id": 1016,
    "coordinator_id": "CO2122490557",
    "claim_number": "1234",
    "insurance_company": "",
    "type_of_case": "",
    "rate": "",
    "doa": "",
    "dod": "",
    "hospital_name": "",
    "city": "",
    "state": "",
    "claim_value": "",
    "diagnosis": "",
    "insured_name": null,
    "insured_number": null,
    "insured_address": null,
    "medical_officer_remarks": null,
    "final_report": null,
    "status_of_claim": null,
    "claim_approved_amount": null
  }
},
{
  "model": "Case.casedetails",
  "pk": 11,
  "fields": {
    "case_id": 1019,
    "coordinator_id": "CO3070257634",
    "claim_number": "220101256304",
    "insurance_company": "ICICI Lombard",
    "type_of_case": "ClaimReport",
    "rate": "",
    "doa": "2024-10-12",
    "dod": "2024-10-24",
    "hospital_name": "Gaurav Accidental Hospital",
    "city": "Mumbai",
    "state": "Maharashtra",
    "claim_value": "150000",
    "diagnosis": "ACQUIRED SPONDYLOLITHASIS",
    "insured_name": null,
    "insured_number": null,
    "insured_address": null,
    "medical_officer_remarks": "As per collected documents 19 years female was admitted in MGM Hospital under care of Dr.Anand Nikalje from DOA- 15/12/2024 to DOD- 17/12/2024. Insured was admitted with C/O fever, runny nose, giddiness, loss of consciousness since 30 min. Diagnose as Viral Fever. As per ICP discrepancy noted at the time of admission vital are normal & all lab investigation WNL, no any antibiotics given, no any fever spike noted no any antibiotics given.Indicating that the hospital's documentation may have been created solely to justify the hospitalization and the validity of the claim. Based on the above discrepancies, claim is repudiated, recommending for non-payable. 521560",
    "final_report": "1",
    "status_of_claim": null,
    "claim_approved_amount": null
  }
},
{
  "model": "Case.casedetails",
  "pk": 12,
  "fields": {
    "case_id": 1014,
    "coordinator_id": "CO2122490557",
    "claim_number": "1254312443",
    "insurance_company": "ICICI Lombard",
    "type_of_case": "ICLMClosureReport",
    "rate": "",
    "doa": "2025-01-16",
    "dod": "2025-01-24",
    "hospital_name": "City Hospital",
    "city": "Ahmedabad",
    "state": "Gujarat",
    "claim_value": "200000",
    "diagnosis": "Heart attack",
    "insured_name": null,
    "insured_number": null,
    "insured_address": null,
    "medical_officer_remarks": null,
    "final_report": null,
    "status_of_claim": null,
    "claim_approved_amount": null
  }
},
{
  "model": "Case.casedetails",
  "pk": 13,
  "fields": {
    "case_id": 1021,
    "coordinator_id": "CO3070257634",
    "claim_number": "220204056665",
    "insurance_company": "ICICI Lombard",
    "type_of_case": "ClaimReport",
    "rate": "",
    "doa": "2024-10-10",
    "dod": "2024-10-23",
    "hospital_name": "Dr Rela Institute & Medical Centre",
    "city": "Mumbai",
    "state": "Maharashtra",
    "claim_value": "110000",
    "diagnosis": "Dengue fever ",
    "insured_name": null,
    "insured_number": null,
    "insured_address": null,
    "medical_officer_remarks": "As per collected documents 19 years female was admitted in MGM Hospital under care of Dr.Anand Nikalje from DOA- 15/12/2024 to DOD- 17/12/2024. Insured was admitted with C/O fever, runny nose, giddiness, loss of consciousness since 30 min. Diagnose as Viral Fever. As per ICP discrepancy noted at the time of admission vital are normal & all lab investigation WNL, no any antibiotics given, no any fever spike noted no any antibiotics given.Indicating that the hospital's documentation may have been created solely to justify the hospitalization and the validity of the claim. Based on the above discrepancies, claim is repudiated, recommending for non-payable. 521560",
    "final_report": null,
    "status_of_claim": null,
    "claim_approved_amount": null
  }
},
{
  "model": "Case.casedetails",
  "pk": 14,
  "fields": {
    "case_id": 1030,
    "coordinator_id": "CO8049220510",
    "claim_number": "220204062766",
    "insurance_company": "ICICI Lombard",
    "type_of_case": "ClaimReport",
    "rate": "",
    "doa": "2025-01-01",
    "dod": "2025-01-09",
    "hospital_name": "Sri Jayendra Saraswathi Ayurveda College & Hospital",
    "city": "Mumbai",
    "state": "Maharashtra",
    "claim_value": "100000",
    "diagnosis": "Osteoarthritis",
    "insured_name": null,
    "insured_number": null,
    "insured_address": null,
    "medical_officer_remarks": null,
    "final_report": null,
    "status_of_claim": null,
    "claim_approved_amount": null
  }
},
{
  "model": "Case.casedetails",
  "pk": 15,
  "fields": {
    "case_id": 1031,
    "coordinator_id": "CO3070257634",
    "claim_number": "220204068270",
    "insurance_company": "ICICI LOAMBARD",
    "type_of_case": "HealthClaimReport",
    "rate": "",
    "doa": "2025-01-01",
    "dod": "2025-01-09",
    "hospital_name": "KJ Somaiya Hospital",
    "city": "Mumbai",
    "state": "Maharashtra",
    "claim_value": "22000",
    "diagnosis": "Enteric Fever",
    "insured_name": null,
    "insured_number": null,
    "insured_address": null,
    "medical_officer_remarks": "claim is closed as a payable ",
    "final_report": null,
    "status_of_claim": null,
    "claim_approved_amount": null
  }
},
{
  "model": "Case.casedetails",
  "pk": 16,
  "fields": {
    "case_id": 1032,
    "coordinator_id": "CO3070257634",
    "claim_number": "220204068735",
    "insurance_company": "icicilombard",
    "type_of_case": "ClaimReport",
    "rate": "",
    "doa": "2025-01-01",
    "dod": "2025-01-08",
    "hospital_name": "Pankajam Memorial Hospital",
    "city": "mumbai",
    "state": "maharashtra",
    "claim_value": "100000",
    "diagnosis": "Enteric fever",
    "insured_name": null,
    "insured_number": null,
    "insured_address": null,
    "medical_officer_remarks": null,
    "final_report": null,
    "status_of_claim": null,
    "claim_approved_amount": null
  }
},
{
  "model": "Case.casedetails",
  "pk": 17,
  "fields": {
    "case_id": 1034,
    "coordinator_id": "CO3070257634",
    "claim_number": "520850",
    "insurance_company": "Ericson TPA",
    "type_of_case": "HealthClaimReport",
    "rate": "",
    "doa": "2025-01-01",
    "dod": "2025-01-09",
    "hospital_name": "KJ Somaiya Hospital",
    "city": "Mumbai",
    "state": "Maharashtra",
    "claim_value": "10000",
    "diagnosis": "Enteric  Fever",
    "insured_name": null,
    "insured_number": null,
    "insured_address": null,
    "medical_officer_remarks": null,
    "final_report": null,
    "status_of_claim": null,
    "claim_approved_amount": null
  }
},
{
  "model": "Case.casedetails",
  "pk": 18,
  "fields": {
    "case_id": 1041,
    "coordinator_id": "CO3070257634",
    "claim_number": "220204032363",
    "insurance_company": "ICICI Lombard",
    "type_of_case": "HealthClaimReport",
    "rate": "",
    "doa": "2025-01-01",
    "dod": "2025-01-09",
    "hospital_name": "KJ Somaiya Hospital",
    "city": "Mumbai",
    "state": "Maharashtra",
    "claim_value": "10000",
    "diagnosis": "Enteric  Fever",
    "insured_name": null,
    "insured_number": null,
    "insured_address": null,
    "medical_officer_remarks": null,
    "final_report": null,
    "status_of_claim": null,
    "claim_approved_amount": null
  }
},
{
  "model": "Case.casedetails",
  "pk": 19,
  "fields": {
    "case_id": 1042,
    "coordinator_id": "CO3070257634",
    "claim_number": "220204066876",
    "insurance_company": "ICICI Lombard",
    "type_of_case": "HealthClaimReport",
    "rate": "",
    "doa": "2025-01-01",
    "dod": "2025-01-09",
    "hospital_name": "KJ Somaiya Hospital",
    "city": "Mumbai",
    "state": "Maharashtra",
    "claim_value": "10000",
    "diagnosis": "Enteric  Fever",
    "insured_name": null,
    "insured_number": null,
    "insured_address": null,
    "medical_officer_remarks": null,
    "final_report": null,
    "status_of_claim": null,
    "claim_approved_amount": null
  }
},
{
  "model": "Visit.visit",
  "pk": 1,
  "fields": {
    "visit_id": 2663752353,
    "case_id": 1000,
    "coordinator_id": "CO3070257634",
    "investigator_id": "IO2096667455",
    "investigation_started": true,
    "issue_in_investigation": false,
    "issue_of_investigator": "",
    "submitted_by_investigator": false,
    "re_investigation": false,
    "re_investigation_reason": "",
    "type_of_visit": "Hospital",
    "tat": "1",
    "visit_status": "Investigation"
  }
},
{
  "model": "Visit.visit",
  "pk": 2,
  "fields": {
    "visit_id": 4708843401,
    "case_id": 1000,
    "coordinator_id": "CO3070257634",
    "investigator_id": "IO2096667455",
    "investigation_started": true,
    "issue_in_investigation": false,
    "issue_of_investigator": "",
    "submitted_by_investigator": false,
    "re_investigation": false,
    "re_investigation_reason": "",
    "type_of_visit": "Lab",
    "tat": "1",
    "visit_status": "Investigation"
  }
},
{
  "model": "Visit.visit",
  "pk": 3,
  "fields": {
    "visit_id": 2148883464,
    "case_id": 1000,
    "coordinator_id": "CO3070257634",
    "investigator_id": "IO2096667455",
    "investigation_started": false,
    "issue_in_investigation": false,
    "issue_of_investigator": "",
    "submitted_by_investigator": false,
    "re_investigation": false,
    "re_investigation_reason": "",
    "type_of_visit": "Chemist",
    "tat": "1",
    "visit_status": "Investigation"
  }
},
{
  "model": "Visit.visit",
  "pk": 4,
  "fields": {
    "visit_id": 5632983222,
    "case_id": 1002,
    "coordinator_id": "CO3070257634",
    "investigator_id": "IO2096667455",
    "investigation_started": true,
    "issue_in_investigation": false,
    "issue_of_investigator": "",
    "submitted_by_investigator": false,
    "re_investigation": false,
    "re_investigation_reason": "",
    "type_of_visit": "Hospital",
    "tat": "1",
    "visit_status": "Investigation"
  }
},
{
  "model": "Visit.visit",
  "pk": 5,
  "fields": {
    "visit_id": 2254144526,
    "case_id": 1002,
    "coordinator_id": "CO3070257634",
    "investigator_id": "IO2096667455",
    "investigation_started": true,
    "issue_in_investigation": false,
    "issue_of_investigator": "",
    "submitted_by_investigator": false,
    "re_investigation": false,
    "re_investigation_reason": "",
    "type_of_visit": "Lab",
    "tat": "1",
    "visit_status": "Investigation"
  }
},
{
  "model": "Visit.visit",
  "pk": 6,
  "fields": {
    "visit_id": 7411801087,
    "case_id": 1002,
    "coordinator_id": "CO3070257634",
    "investigator_id": "IO2096667455",
    "investigation_started": true,
    "issue_in_investigation": false,
    "issue_of_investigator": "",
    "submitted_by_investigator": false,
    "re_investigation": false,
    "re_investigation_reason": "",
    "type_of_visit": "Chemist",
    "tat": "1",
    "visit_status": "Investigation"
  }
},
{
  "model": "Visit.visit",
  "pk": 7,
  "fields": {
    "visit_id": 4927938365,
    "case_id": 1004,
    "coordinator_id": "CO2122490557",
    "investigator_id": "IO2096667455",
    "investigation_started": false,
    "issue_in_investigation": false,
    "issue_of_investigator": "",
    "submitted_by_investigator": false,
    "re_investigation": false,
    "re_investigation_reason": "",
    "type_of_visit": "Lab",
    "tat": "10",
    "visit_status": "Investigation"
  }
},
{
  "model": "Visit.visit",
  "pk": 8,
  "fields": {
    "visit_id": 3845829139,
    "case_id": 1017,
    "coordinator_id": "CO3070257634",
    "investigator_id": "",
    "investigation_started": false,
    "issue_in_investigation": false,
    "issue_of_investigator": "",
    "submitted_by_investigator": false,
    "re_investigation": false,
    "re_investigation_reason": "",
    "type_of_visit": "Lab",
    "tat": "1",
    "visit_status": "Investigation"
  }
},
{
  "model": "Visit.visit",
  "pk": 9,
  "fields": {
    "visit_id": 6471853350,
    "case_id": 1017,
    "coordinator_id": "CO3070257634",
    "investigator_id": "",
    "investigation_started": false,
    "issue_in_investigation": false,
    "issue_of_investigator": "",
    "submitted_by_investigator": false,
    "re_investigation": false,
    "re_investigation_reason": "",
    "type_of_visit": "Chemist",
    "tat": "1",
    "visit_status": "Investigation"
  }
},
{
  "model": "Visit.visit",
  "pk": 10,
  "fields": {
    "visit_id": 7560138363,
    "case_id": 1016,
    "coordinator_id": "CO2122490557",
    "investigator_id": "IO2096667455",
    "investigation_started": false,
    "issue_in_investigation": false,
    "issue_of_investigator": "",
    "submitted_by_investigator": false,
    "re_investigation": false,
    "re_investigation_reason": "",
    "type_of_visit": "Lab",
    "tat": "10",
    "visit_status": "Investigation"
  }
},
{
  "model": "Visit.visit",
  "pk": 11,
  "fields": {
    "visit_id": 9046961065,
    "case_id": 1017,
    "coordinator_id": "CO3070257634",
    "investigator_id": "IO2096667455",
    "investigation_started": false,
    "issue_in_investigation": false,
    "issue_of_investigator": "",
    "submitted_by_investigator": false,
    "re_investigation": false,
    "re_investigation_reason": "",
    "type_of_visit": "Lab",
    "tat": "1",
    "visit_status": "Investigation"
  }
},
{
  "model": "Visit.visit",
  "pk": 12,
  "fields": {
    "visit_id": 7023151308,
    "case_id": 1017,
    "coordinator_id": "CO3070257634",
    "investigator_id": "IO2096667455",
    "investigation_started": false,
    "issue_in_investigation": false,
    "issue_of_investigator": "",
    "submitted_by_investigator": false,
    "re_investigation": false,
    "re_investigation_reason": "",
    "type_of_visit": "Lab",
    "tat": "10",
    "visit_status": "Investigation"
  }
},
{
  "model": "Visit.visit",
  "pk": 13,
  "fields": {
    "visit_id": 6333997164,
    "case_id": 1019,
    "coordinator_id": "CO3070257634",
    "investigator_id": "IO2096667455",
    "investigation_started": true,
    "issue_in_investigation": false,
    "issue_of_investigator": "",
    "submitted_by_investigator": false,
    "re_investigation": false,
    "re_investigation_reason": "",
    "type_of_visit": "Hospital",
    "tat": "1",
    "visit_status": "Investigation"
  }
},
{
  "model": "Visit.visit",
  "pk": 14,
  "fields": {
    "visit_id": 5331959621,
    "case_id": 1019,
    "coordinator_id": "CO3070257634",
    "investigator_id": "IO2096667455",
    "investigation_started": true,
    "issue_in_investigation": false,
    "issue_of_investigator": "",
    "submitted_by_investigator": false,
    "re_investigation": false,
    "re_investigation_reason": "",
    "type_of_visit": "Lab",
    "tat": "1",
    "visit_status": "Investigation"
  }
},
{
  "model": "Visit.visit",
  "pk": 15,
  "fields": {
    "visit_id": 2556552645,
    "case_id": 1019,
    "coordinator_id": "CO3070257634",
    "investigator_id": "IO2096667455",
    "investigation_started": false,
    "issue_in_investigation": false,
    "issue_of_investigator": "",
    "submitted_by_investigator": false,
    "re_investigation": false,
    "re_investigation_reason": "",
    "type_of_visit": "Chemist",
    "tat": "1",
    "visit_status": "Investigation"
  }
},
{
  "model": "Visit.visit",
  "pk": 16,
  "fields": {
    "visit_id": 6889315006,
    "case_id": 1017,
    "coordinator_id": "CO3070257634",
    "investigator_id": "IO2096667455",
    "investigation_started": false,
    "issue_in_investigation": false,
    "issue_of_investigator": "",
    "submitted_by_investigator": false,
    "re_investigation": false,
    "re_investigation_reason": "",
    "type_of_visit": "Lab",
    "tat": "10",
    "visit_status": "Investigation"
  }
},
{
  "model": "Visit.visit",
  "pk": 17,
  "fields": {
    "visit_id": 2181146519,
    "case_id": 1017,
    "coordinator_id": "CO3070257634",
    "investigator_id": "IO2096667455",
    "investigation_started": false,
    "issue_in_investigation": false,
    "issue_of_investigator": "",
    "submitted_by_investigator": false,
    "re_investigation": false,
    "re_investigation_reason": "",
    "type_of_visit": "Lab",
    "tat": "10",
    "visit_status": "Investigation"
  }
},
{
  "model": "Visit.visit",
  "pk": 18,
  "fields": {
    "visit_id": 8655836515,
    "case_id": 1014,
    "coordinator_id": "CO2122490557",
    "investigator_id": "IO2096667455",
    "investigation_started": false,
    "issue_in_investigation": false,
    "issue_of_investigator": "",
    "submitted_by_investigator": false,
    "re_investigation": false,
    "re_investigation_reason": "",
    "type_of_visit": "Lab",
    "tat": "10",
    "visit_status": "Investigation"
  }
},
{
  "model": "Visit.visit",
  "pk": 19,
  "fields": {
    "visit_id": 2760702818,
    "case_id": 1021,
    "coordinator_id": "CO3070257634",
    "investigator_id": "IO2096667455",
    "investigation_started": true,
    "issue_in_investigation": false,
    "issue_of_investigator": "",
    "submitted_by_investigator": false,
    "re_investigation": false,
    "re_investigation_reason": "",
    "type_of_visit": "Hospital",
    "tat": "1",
    "visit_status": "Investigation"
  }
},
{
  "model": "Visit.visit",
  "pk": 20,
  "fields": {
    "visit_id": 9914220231,
    "case_id": 1021,
    "coordinator_id": "CO3070257634",
    "investigator_id": "IO2096667455",
    "investigation_started": true,
    "issue_in_investigation": false,
    "issue_of_investigator": "",
    "submitted_by_investigator": false,
    "re_investigation": false,
    "re_investigation_reason": "",
    "type_of_visit": "Lab",
    "tat": "1",
    "visit_status": "Investigation"
  }
},
{
  "model": "Visit.visit",
  "pk": 21,
  "fields": {
    "visit_id": 4840723946,
    "case_id": 1021,
    "coordinator_id": "CO3070257634",
    "investigator_id": "IO2096667455",
    "investigation_started": true,
    "issue_in_investigation": false,
    "issue_of_investigator": "",
    "submitted_by_investigator": false,
    "re_investigation": false,
    "re_investigation_reason": "",
    "type_of_visit": "Chemist",
    "tat": "1",
    "visit_status": "Investigation"
  }
},
{
  "model": "Visit.visit",
  "pk": 22,
  "fields": {
    "visit_id": 3026195511,
    "case_id": 1031,
    "coordinator_id": "CO3070257634",
    "investigator_id": "IO2096667455",
    "investigation_started": true,
    "issue_in_investigation": false,
    "issue_of_investigator": "",
    "submitted_by_investigator": false,
    "re_investigation": false,
    "re_investigation_reason": "",
    "type_of_visit": "Hospital",
    "tat": "1",
    "visit_status": "Investigation"
  }
},
{
  "model": "Visit.visit",
  "pk": 23,
  "fields": {
    "visit_id": 2211344169,
    "case_id": 1034,
    "coordinator_id": "CO3070257634",
    "investigator_id": "IO2096667455",
    "investigation_started": false,
    "issue_in_investigation": false,
    "issue_of_investigator": "",
    "submitted_by_investigator": false,
    "re_investigation": false,
    "re_investigation_reason": "",
    "type_of_visit": "Hospital",
    "tat": "1",
    "visit_status": "Investigation"
  }
},
{
  "model": "Visit.visit",
  "pk": 24,
  "fields": {
    "visit_id": 1945094448,
    "case_id": 1036,
    "coordinator_id": "CO3070257634",
    "investigator_id": "IO2096667455",
    "investigation_started": false,
    "issue_in_investigation": false,
    "issue_of_investigator": "",
    "submitted_by_investigator": false,
    "re_investigation": false,
    "re_investigation_reason": "",
    "type_of_visit": "Hospital",
    "tat": "1",
    "visit_status": "Investigation"
  }
},
{
  "model": "Visit.visit",
  "pk": 25,
  "fields": {
    "visit_id": 3734339979,
    "case_id": 1041,
    "coordinator_id": "CO3070257634",
    "investigator_id": "IO2096667455",
    "investigation_started": false,
    "issue_in_investigation": false,
    "issue_of_investigator": "",
    "submitted_by_investigator": false,
    "re_investigation": false,
    "re_investigation_reason": "",
    "type_of_visit": "Hospital",
    "tat": "1",
    "visit_status": "Investigation"
  }
},
{
  "model": "Visit.visit",
  "pk": 26,
  "fields": {
    "visit_id": 9829205303,
    "case_id": 1041,
    "coordinator_id": "CO3070257634",
    "investigator_id": "IO9337503997",
    "investigation_started": false,
    "issue_in_investigation": false,
    "issue_of_investigator": "",
    "submitted_by_investigator": false,
    "re_investigation": false,
    "re_investigation_reason": "",
    "type_of_visit": "Hospital",
    "tat": "1",
    "visit_status": "Investigation"
  }
},
{
  "model": "Visit.visit",
  "pk": 27,
  "fields": {
    "visit_id": 1631015721,
    "case_id": 1041,
    "coordinator_id": "CO3070257634",
    "investigator_id": "IO8349562202",
    "investigation_started": true,
    "issue_in_investigation": false,
    "issue_of_investigator": "",
    "submitted_by_investigator": false,
    "re_investigation": false,
    "re_investigation_reason": "",
    "type_of_visit": "Hospital",
    "tat": "1",
    "visit_status": "Investigation"
  }
},
{
  "model": "Visit.visit",
  "pk": 28,
  "fields": {
    "visit_id": 1899346984,
    "case_id": 1042,
    "coordinator_id": "CO3070257634",
    "investigator_id": "IO2096667455",
    "investigation_started": true,
    "issue_in_investigation": false,
    "issue_of_investigator": "",
    "submitted_by_investigator": false,
    "re_investigation": false,
    "re_investigation_reason": "",
    "type_of_visit": "Hospital",
    "tat": "1",
    "visit_status": "Investigation"
  }
},
{
  "model": "Visit.visit",
  "pk": 29,
  "fields": {
    "visit_id": 7345722095,
    "case_id": 1042,
    "coordinator_id": "CO3070257634",
    "investigator_id": "IO8349562202",
    "investigation_started": false,
    "issue_in_investigation": false,
    "issue_of_investigator": "",
    "submitted_by_investigator": false,
    "re_investigation": false,
    "re_investigation_reason": "",
    "type_of_visit": "Hospital",
    "tat": "1",
    "visit_status": "Investigation"
  }
},
{
  "model": "Visit.visit",
  "pk": 30,
  "fields": {
    "visit_id": 5873117772,
    "case_id": 1042,
    "coordinator_id": "CO3070257634",
    "investigator_id": "IO9337503997",
    "investigation_started": false,
    "issue_in_investigation": false,
    "issue_of_investigator": "",
    "submitted_by_investigator": false,
    "re_investigation": false,
    "re_investigation_reason": "",
    "type_of_visit": "Hospital",
    "tat": "1",
    "visit_status": "Investigation"
  }
},
{
  "model": "Visit.visit",
  "pk": 31,
  "fields": {
    "visit_id": 8952880794,
    "case_id": 1042,
    "coordinator_id": "CO3070257634",
    "investigator_id": "IO8349562202",
    "investigation_started": false,
    "issue_in_investigation": false,
    "issue_of_investigator": "",
    "submitted_by_investigator": false,
    "re_investigation": false,
    "re_investigation_reason": "",
    "type_of_visit": "Lab",
    "tat": "1",
    "visit_status": "Investigation"
  }
},
{
  "model": "Visit.visit",
  "pk": 32,
  "fields": {
    "visit_id": 2080988275,
    "case_id": 1042,
    "coordinator_id": "CO3070257634",
    "investigator_id": "IO8349562202",
    "investigation_started": false,
    "issue_in_investigation": false,
    "issue_of_investigator": "",
    "submitted_by_investigator": false,
    "re_investigation": false,
    "re_investigation_reason": "",
    "type_of_visit": "Chemist",
    "tat": "1",
    "visit_status": "Investigation"
  }
},
{
  "model": "Visit.visit",
  "pk": 33,
  "fields": {
    "visit_id": 3035020180,
    "case_id": 1042,
    "coordinator_id": "CO3070257634",
    "investigator_id": "IO2096667455",
    "investigation_started": false,
    "issue_in_investigation": false,
    "issue_of_investigator": "",
    "submitted_by_investigator": false,
    "re_investigation": false,
    "re_investigation_reason": "",
    "type_of_visit": "Chemist",
    "tat": "1",
    "visit_status": "Investigation"
  }
},
{
  "model": "Visit.hospitalvisit",
  "pk": 1,
  "fields": {
    "visit_id": 2663752353,
    "hospital_name": "Gayathri hospital",
    "state": "karnataka",
    "city": "banglore",
    "doa": "01/12/2024",
    "dod": "05/12/2024",
    "claim_value": "120000",
    "diagnosis": "Infective fistula in ano",
    "registration_number": "1234",
    "no_of_beds": "25",
    "icu": "yes",
    "ot": "yes",
    "nursing_staff": "25",
    "rmo": "4",
    "treating_doctor_degree": "MBBS MS",
    "treating_doctor_registration_number": "12345",
    "treating_doctor_contact_number": "",
    "treating_doctor_email": "123@gmail.com",
    "hospital_owner_name": "Dr. Raviprakash",
    "hospital_owner_contact_number": "",
    "hospital_owner_registration_number": "",
    "anaesthetic_doctor_name": null,
    "anaesthetic_doctor_registration_number": null,
    "anaesthetic_doctor_contact_details": null,
    "anaesthetic_doctor_email": null,
    "family_physician_doctor_name": null,
    "family_physician_registration_number": null,
    "family_physician_contact_details": null,
    "family_physician_email": null,
    "work_place": false,
    "corporate_visit": false,
    "questions": [],
    "answers": null,
    "document_paths": null,
    "photo_path": null
  }
},
{
  "model": "Visit.hospitalvisit",
  "pk": 2,
  "fields": {
    "visit_id": 5632983222,
    "hospital_name": "Gaurav accident hospital",
    "state": "Maharashtra",
    "city": "Mumbai",
    "doa": "12/12/2024",
    "dod": "16/12/2024",
    "claim_value": "120000",
    "diagnosis": "SCAPHOID WAISTE",
    "registration_number": "12345",
    "no_of_beds": "25",
    "icu": "yes",
    "ot": "yes",
    "nursing_staff": "25",
    "rmo": "4",
    "treating_doctor_degree": "MBBS MS",
    "treating_doctor_registration_number": "123456",
    "treating_doctor_contact_number": "",
    "treating_doctor_email": "1234@gmail.com",
    "hospital_owner_name": "Dr. Gaurav Pagare",
    "hospital_owner_contact_number": "",
    "hospital_owner_registration_number": "",
    "anaesthetic_doctor_name": null,
    "anaesthetic_doctor_registration_number": null,
    "anaesthetic_doctor_contact_details": null,
    "anaesthetic_doctor_email": null,
    "family_physician_doctor_name": null,
    "family_physician_registration_number": null,
    "family_physician_contact_details": null,
    "family_physician_email": null,
    "work_place": false,
    "corporate_visit": false,
    "questions": [],
    "answers": null,
    "document_paths": null,
    "photo_path": null
  }
},
{
  "model": "Visit.hospitalvisit",
  "pk": 3,
  "fields": {
    "visit_id": 6333997164,
    "hospital_name": "Gaurav accident hospital",
    "state": "Maharashtra",
    "city": "Mumbai",
    "doa": "2024-10-10",
    "dod": "2024-10-24",
    "claim_value": "120000",
    "diagnosis": "SCAPHOID WAISTE",
    "registration_number": "12345",
    "no_of_beds": "25",
    "icu": "yes",
    "ot": "yes",
    "nursing_staff": "25",
    "rmo": "4",
    "treating_doctor_degree": "MBBS MS",
    "treating_doctor_registration_number": "123456",
    "treating_doctor_contact_number": "",
    "treating_doctor_email": "1234@gmail.com",
    "hospital_owner_name": "Dr. Gaurav Pagare",
    "hospital_owner_contact_number": "",
    "hospital_owner_registration_number": "",
    "anaesthetic_doctor_name": null,
    "anaesthetic_doctor_registration_number": null,
    "anaesthetic_doctor_contact_details": null,
    "anaesthetic_doctor_email": null,
    "family_physician_doctor_name": null,
    "family_physician_registration_number": null,
    "family_physician_contact_details": null,
    "family_physician_email": null,
    "work_place": false,
    "corporate_visit": false,
    "questions": [],
    "answers": null,
    "document_paths": null,
    "photo_path": null
  }
},
{
  "model": "Visit.hospitalvisit",
  "pk": 4,
  "fields": {
    "visit_id": 2760702818,
    "hospital_name": "Dr Rela Institute & Medical Centre",
    "state": "Maharashtra",
    "city": "Mumbai",
    "doa": "2024-10-10",
    "dod": "2024-12-26",
    "claim_value": "110000",
    "diagnosis": "dengue fever",
    "registration_number": "12345",
    "no_of_beds": "25",
    "icu": "yes",
    "ot": "yes",
    "nursing_staff": "25",
    "rmo": "4",
    "treating_doctor_degree": "MBBS MS",
    "treating_doctor_registration_number": "123456",
    "treating_doctor_contact_number": "",
    "treating_doctor_email": "1234@gmail.com",
    "hospital_owner_name": "Dr. Gaurav Pagare",
    "hospital_owner_contact_number": "",
    "hospital_owner_registration_number": "",
    "anaesthetic_doctor_name": null,
    "anaesthetic_doctor_registration_number": null,
    "anaesthetic_doctor_contact_details": null,
    "anaesthetic_doctor_email": null,
    "family_physician_doctor_name": null,
    "family_physician_registration_number": null,
    "family_physician_contact_details": null,
    "family_physician_email": null,
    "work_place": false,
    "corporate_visit": false,
    "questions": [],
    "answers": null,
    "document_paths": null,
    "photo_path": null
  }
},
{
  "model": "Visit.hospitalvisit",
  "pk": 5,
  "fields": {
    "visit_id": 3026195511,
    "hospital_name": "KJ Somaiya Hospital",
    "state": "Maharashtra",
    "city": "Mumbai",
    "doa": "2025-01-01",
    "dod": "2025-09-01",
    "claim_value": "22000",
    "diagnosis": "Enteric Fever",
    "registration_number": "12012",
    "no_of_beds": "300",
    "icu": "10",
    "ot": "10",
    "nursing_staff": "10",
    "rmo": "10",
    "treating_doctor_degree": "MBBS",
    "treating_doctor_registration_number": "NA",
    "treating_doctor_contact_number": "",
    "treating_doctor_email": "NA",
    "hospital_owner_name": "Not available",
    "hospital_owner_contact_number": "",
    "hospital_owner_registration_number": "",
    "anaesthetic_doctor_name": null,
    "anaesthetic_doctor_registration_number": null,
    "anaesthetic_doctor_contact_details": null,
    "anaesthetic_doctor_email": null,
    "family_physician_doctor_name": null,
    "family_physician_registration_number": null,
    "family_physician_contact_details": null,
    "family_physician_email": null,
    "work_place": false,
    "corporate_visit": false,
    "questions": [],
    "answers": null,
    "document_paths": null,
    "photo_path": null
  }
},
{
  "model": "Visit.hospitalvisit",
  "pk": 6,
  "fields": {
    "visit_id": 2211344169,
    "hospital_name": "KJ Somaiya Hospital",
    "state": "Maharashtra",
    "city": "Mumbai",
    "doa": "2025-01-01",
    "dod": "2025-01-09",
    "claim_value": "10000",
    "diagnosis": "Enteric Fever",
    "registration_number": "0101",
    "no_of_beds": "300",
    "icu": "20",
    "ot": "20",
    "nursing_staff": "20",
    "rmo": "20",
    "treating_doctor_degree": "MBBS MS",
    "treating_doctor_registration_number": "3030",
    "treating_doctor_contact_number": "",
    "treating_doctor_email": "mahesh123kadam@gmail.com",
    "hospital_owner_name": "Dr. Gaurav Pagare",
    "hospital_owner_contact_number": "",
    "hospital_owner_registration_number": "",
    "anaesthetic_doctor_name": null,
    "anaesthetic_doctor_registration_number": null,
    "anaesthetic_doctor_contact_details": null,
    "anaesthetic_doctor_email": null,
    "family_physician_doctor_name": null,
    "family_physician_registration_number": null,
    "family_physician_contact_details": null,
    "family_physician_email": null,
    "work_place": false,
    "corporate_visit": false,
    "questions": [],
    "answers": null,
    "document_paths": null,
    "photo_path": null
  }
},
{
  "model": "Visit.hospitalvisit",
  "pk": 7,
  "fields": {
    "visit_id": 1945094448,
    "hospital_name": "KJ Somaiya Hospital",
    "state": "Maharashtra",
    "city": "Mumbai",
    "doa": "2025-01-01",
    "dod": "2025-01-09",
    "claim_value": "10000",
    "diagnosis": "Enteric Fever",
    "registration_number": "0101",
    "no_of_beds": "300",
    "icu": "20",
    "ot": "20",
    "nursing_staff": "20",
    "rmo": "20",
    "treating_doctor_degree": "MBBS MS",
    "treating_doctor_registration_number": "3030",
    "treating_doctor_contact_number": "",
    "treating_doctor_email": "mahesh123kadam@gmail.com",
    "hospital_owner_name": "Dr. Gaurav Pagare",
    "hospital_owner_contact_number": "",
    "hospital_owner_registration_number": "",
    "anaesthetic_doctor_name": null,
    "anaesthetic_doctor_registration_number": null,
    "anaesthetic_doctor_contact_details": null,
    "anaesthetic_doctor_email": null,
    "family_physician_doctor_name": null,
    "family_physician_registration_number": null,
    "family_physician_contact_details": null,
    "family_physician_email": null,
    "work_place": false,
    "corporate_visit": false,
    "questions": [],
    "answers": null,
    "document_paths": null,
    "photo_path": null
  }
},
{
  "model": "Visit.hospitalvisit",
  "pk": 8,
  "fields": {
    "visit_id": 3734339979,
    "hospital_name": "KJ Somaiya Hospital",
    "state": "Maharashtra",
    "city": "Mumbai",
    "doa": "2025-01-01",
    "dod": "2025-01-09",
    "claim_value": "10000",
    "diagnosis": "Enteric  Fever",
    "registration_number": "3030",
    "no_of_beds": "300",
    "icu": "20",
    "ot": "20",
    "nursing_staff": "20",
    "rmo": "20",
    "treating_doctor_degree": "MBBS MS",
    "treating_doctor_registration_number": "3030",
    "treating_doctor_contact_number": "",
    "treating_doctor_email": "mahesh123kadam@gmail.com",
    "hospital_owner_name": "Dr. Gaurav Pagare",
    "hospital_owner_contact_number": "",
    "hospital_owner_registration_number": "",
    "anaesthetic_doctor_name": null,
    "anaesthetic_doctor_registration_number": null,
    "anaesthetic_doctor_contact_details": null,
    "anaesthetic_doctor_email": null,
    "family_physician_doctor_name": null,
    "family_physician_registration_number": null,
    "family_physician_contact_details": null,
    "family_physician_email": null,
    "work_place": false,
    "corporate_visit": false,
    "questions": [
      "1",
      "2",
      "3"
    ],
    "answers": null,
    "document_paths": null,
    "photo_path": null
  }
},
{
  "model": "Visit.hospitalvisit",
  "pk": 9,
  "fields": {
    "visit_id": 9829205303,
    "hospital_name": "Gaurav accident hospital",
    "state": "Gujrat",
    "city": "Surat",
    "doa": "2025-01-01",
    "dod": "2025-01-09",
    "claim_value": "120000",
    "diagnosis": "Enteric Fever",
    "registration_number": "3030",
    "no_of_beds": "300",
    "icu": "20",
    "ot": "20",
    "nursing_staff": "20",
    "rmo": "20",
    "treating_doctor_degree": "MBBS MS",
    "treating_doctor_registration_number": "3030",
    "treating_doctor_contact_number": "",
    "treating_doctor_email": "mahesh123kadam@gmail.com",
    "hospital_owner_name": "Dr. Gaurav Pagare",
    "hospital_owner_contact_number": "",
    "hospital_owner_registration_number": "",
    "anaesthetic_doctor_name": null,
    "anaesthetic_doctor_registration_number": null,
    "anaesthetic_doctor_contact_details": null,
    "anaesthetic_doctor_email": null,
    "family_physician_doctor_name": null,
    "family_physician_registration_number": null,
    "family_physician_contact_details": null,
    "family_physician_email": null,
    "work_place": false,
    "corporate_visit": false,
    "questions": [],
    "answers": null,
    "document_paths": null,
    "photo_path": null
  }
},
{
  "model": "Visit.hospitalvisit",
  "pk": 10,
  "fields": {
    "visit_id": 1631015721,
    "hospital_name": "Gaurav accident hospital",
    "state": "Tamilnadu",
    "city": "Chennai",
    "doa": "2025-01-01",
    "dod": "2025-01-09",
    "claim_value": "120000",
    "diagnosis": "Enteric Fever",
    "registration_number": "3030",
    "no_of_beds": "300",
    "icu": "20",
    "ot": "20",
    "nursing_staff": "20",
    "rmo": "20",
    "treating_doctor_degree": "MBBS MS",
    "treating_doctor_registration_number": "3030",
    "treating_doctor_contact_number": "",
    "treating_doctor_email": "Parthibenp@gmail.com",
    "hospital_owner_name": "Dr. Gaurav Pagare",
    "hospital_owner_contact_number": "",
    "hospital_owner_registration_number": "",
    "anaesthetic_doctor_name": null,
    "anaesthetic_doctor_registration_number": null,
    "anaesthetic_doctor_contact_details": null,
    "anaesthetic_doctor_email": null,
    "family_physician_doctor_name": null,
    "family_physician_registration_number": null,
    "family_physician_contact_details": null,
    "family_physician_email": null,
    "work_place": false,
    "corporate_visit": false,
    "questions": [],
    "answers": null,
    "document_paths": null,
    "photo_path": null
  }
},
{
  "model": "Visit.hospitalvisit",
  "pk": 11,
  "fields": {
    "visit_id": 1899346984,
    "hospital_name": "KJ Somaiya Hospital",
    "state": "MAHARASHTRA",
    "city": "Mumbai",
    "doa": "2025-01-01",
    "dod": "2025-01-09",
    "claim_value": "120000",
    "diagnosis": "Enteric Fever",
    "registration_number": "3030",
    "no_of_beds": "300",
    "icu": "20",
    "ot": "20",
    "nursing_staff": "20",
    "rmo": "20",
    "treating_doctor_degree": "MBBS MS",
    "treating_doctor_registration_number": "3030",
    "treating_doctor_contact_number": "",
    "treating_doctor_email": "Parthibenp@gmail.com",
    "hospital_owner_name": "Dr. Gaurav Pagare",
    "hospital_owner_contact_number": "",
    "hospital_owner_registration_number": "",
    "anaesthetic_doctor_name": null,
    "anaesthetic_doctor_registration_number": null,
    "anaesthetic_doctor_contact_details": null,
    "anaesthetic_doctor_email": null,
    "family_physician_doctor_name": null,
    "family_physician_registration_number": null,
    "family_physician_contact_details": null,
    "family_physician_email": null,
    "work_place": false,
    "corporate_visit": false,
    "questions": [
      "1",
      "2",
      "3"
    ],
    "answers": {
      "1": "reports verified, Pathologist visit confirm, ",
      "2": "visit done, he confirm his viist, and seen the patient ",
      "3": "1212121221 is verified, and checked "
    },
    "document_paths": null,
    "photo_path": null
  }
},
{
  "model": "Visit.hospitalvisit",
  "pk": 12,
  "fields": {
    "visit_id": 7345722095,
    "hospital_name": "National institute of mental health and neuro science",
    "state": "Tamilnadu",
    "city": "Chennai",
    "doa": "2025-01-01",
    "dod": "2025-01-09",
    "claim_value": "10000",
    "diagnosis": "Enteric  Fever",
    "registration_number": "3030",
    "no_of_beds": "300",
    "icu": "20",
    "ot": "20",
    "nursing_staff": "20",
    "rmo": "20",
    "treating_doctor_degree": "MBBS MS",
    "treating_doctor_registration_number": "3030",
    "treating_doctor_contact_number": "",
    "treating_doctor_email": "Parthibenp@gmail.com",
    "hospital_owner_name": "Dr. Gaurav Pagare",
    "hospital_owner_contact_number": "",
    "hospital_owner_registration_number": "",
    "anaesthetic_doctor_name": null,
    "anaesthetic_doctor_registration_number": null,
    "anaesthetic_doctor_contact_details": null,
    "anaesthetic_doctor_email": null,
    "family_physician_doctor_name": null,
    "family_physician_registration_number": null,
    "family_physician_contact_details": null,
    "family_physician_email": null,
    "work_place": false,
    "corporate_visit": false,
    "questions": [],
    "answers": null,
    "document_paths": null,
    "photo_path": null
  }
},
{
  "model": "Visit.hospitalvisit",
  "pk": 13,
  "fields": {
    "visit_id": 5873117772,
    "hospital_name": "Dr Rela Institute & Medical Centre",
    "state": "Gujrat",
    "city": "Surat",
    "doa": "2025-01-01",
    "dod": "2025-01-09",
    "claim_value": "10000",
    "diagnosis": "Enteric  Fever",
    "registration_number": "3030",
    "no_of_beds": "300",
    "icu": "20",
    "ot": "20",
    "nursing_staff": "20",
    "rmo": "20",
    "treating_doctor_degree": "MBBS MS",
    "treating_doctor_registration_number": "3030",
    "treating_doctor_contact_number": "",
    "treating_doctor_email": "mahesh123kadam@gmail.com",
    "hospital_owner_name": "Dr. Gaurav Pagare",
    "hospital_owner_contact_number": "",
    "hospital_owner_registration_number": "",
    "anaesthetic_doctor_name": null,
    "anaesthetic_doctor_registration_number": null,
    "anaesthetic_doctor_contact_details": null,
    "anaesthetic_doctor_email": null,
    "family_physician_doctor_name": null,
    "family_physician_registration_number": null,
    "family_physician_contact_details": null,
    "family_physician_email": null,
    "work_place": false,
    "corporate_visit": false,
    "questions": [],
    "answers": null,
    "document_paths": null,
    "photo_path": null
  }
},
{
  "model": "Visit.labvisit",
  "pk": 1,
  "fields": {
    "visit_id": 4708843401,
    "name": "Gaythri lab",
    "city": "banglore",
    "state": "karnataka",
    "address": "123, banglore, karnataka",
    "pathologist_name": "Dr.",
    "registration_number": "123",
    "questions": [],
    "answers": null,
    "document_paths": null,
    "photo_path": null
  }
},
{
  "model": "Visit.labvisit",
  "pk": 2,
  "fields": {
    "visit_id": 2254144526,
    "name": "Gaurav LAB",
    "city": "NASIK",
    "state": "Maharashtra",
    "address": "123, NASIK",
    "pathologist_name": "Dr. Satish Shimpi",
    "registration_number": "12345",
    "questions": [],
    "answers": null,
    "document_paths": null,
    "photo_path": null
  }
},
{
  "model": "Visit.labvisit",
  "pk": 3,
  "fields": {
    "visit_id": 4927938365,
    "name": "Divyam shah",
    "city": "Ahmedabad",
    "state": "maharashtra",
    "address": "Pankaj Society, Bhattha, Paldi",
    "pathologist_name": "Rakesh",
    "registration_number": "1324323",
    "questions": [],
    "answers": null,
    "document_paths": null,
    "photo_path": null
  }
},
{
  "model": "Visit.labvisit",
  "pk": 4,
  "fields": {
    "visit_id": 3845829139,
    "name": "national institute of mental health and neuro science",
    "city": "banglore",
    "state": "karnataka",
    "address": "123, banglore, karnataka",
    "pathologist_name": "Dr. Satish Shimpi",
    "registration_number": "12345",
    "questions": [],
    "answers": null,
    "document_paths": null,
    "photo_path": null
  }
},
{
  "model": "Visit.labvisit",
  "pk": 5,
  "fields": {
    "visit_id": 7560138363,
    "name": "Divyam shah",
    "city": "Ahmedabad",
    "state": "Maharashtra",
    "address": "603, Siddhi Sadhan Appt, Pankaj Society, Bhattha, Paldi",
    "pathologist_name": "Wexss",
    "registration_number": "1342",
    "questions": [],
    "answers": null,
    "document_paths": null,
    "photo_path": null
  }
},
{
  "model": "Visit.labvisit",
  "pk": 6,
  "fields": {
    "visit_id": 9046961065,
    "name": "national insitiute",
    "city": "Mumbai",
    "state": "Maharashtra",
    "address": "123, banglore, karnataka",
    "pathologist_name": "Dr. Satish Shimpi",
    "registration_number": "12345",
    "questions": [],
    "answers": null,
    "document_paths": null,
    "photo_path": null
  }
},
{
  "model": "Visit.labvisit",
  "pk": 7,
  "fields": {
    "visit_id": 7023151308,
    "name": "Divyam shah",
    "city": "Ahmedabad",
    "state": "maharashtra",
    "address": "Pankaj Society, Bhattha, Paldi",
    "pathologist_name": "Erkd keekc",
    "registration_number": "12442",
    "questions": [],
    "answers": null,
    "document_paths": null,
    "photo_path": null
  }
},
{
  "model": "Visit.labvisit",
  "pk": 8,
  "fields": {
    "visit_id": 5331959621,
    "name": "gaurav chemist",
    "city": "NASIK",
    "state": "Maharashtra",
    "address": "123, NASIK",
    "pathologist_name": "Dr. Satish Shimpi",
    "registration_number": "123456",
    "questions": [],
    "answers": null,
    "document_paths": null,
    "photo_path": null
  }
},
{
  "model": "Visit.labvisit",
  "pk": 9,
  "fields": {
    "visit_id": 6889315006,
    "name": "Divyam shah",
    "city": "Ahmedabad",
    "state": "maharashtra",
    "address": "Pankaj Society, Bhattha, Paldi",
    "pathologist_name": "ewrfg thrdrg",
    "registration_number": "123435",
    "questions": [],
    "answers": null,
    "document_paths": null,
    "photo_path": null
  }
},
{
  "model": "Visit.labvisit",
  "pk": 10,
  "fields": {
    "visit_id": 2181146519,
    "name": "Divyam shah",
    "city": "Ahmedabad",
    "state": "maharashtra",
    "address": "Bhattha, Paldi",
    "pathologist_name": "erag rgter",
    "registration_number": "12345322",
    "questions": [],
    "answers": null,
    "document_paths": null,
    "photo_path": null
  }
},
{
  "model": "Visit.labvisit",
  "pk": 11,
  "fields": {
    "visit_id": 8655836515,
    "name": "Divyam Shah",
    "city": "Ahmedabad",
    "state": "maharashtra",
    "address": "Pankaj Society",
    "pathologist_name": "Raj Shah",
    "registration_number": "2345564534231",
    "questions": [],
    "answers": null,
    "document_paths": null,
    "photo_path": null
  }
},
{
  "model": "Visit.labvisit",
  "pk": 12,
  "fields": {
    "visit_id": 9914220231,
    "name": "Dr Rela Institute & Medical Centre",
    "city": "Mumbai",
    "state": "Maharashtra",
    "address": "123, banglore, karnataka",
    "pathologist_name": "Dr. Satish Shimpi",
    "registration_number": "12345",
    "questions": [],
    "answers": null,
    "document_paths": null,
    "photo_path": null
  }
},
{
  "model": "Visit.labvisit",
  "pk": 13,
  "fields": {
    "visit_id": 8952880794,
    "name": "ruchi lab",
    "city": "Chennai",
    "state": "Tamilnadu",
    "address": "123, banglore, karnataka",
    "pathologist_name": "Dr. Satish Shimpi",
    "registration_number": "12345",
    "questions": [],
    "answers": null,
    "document_paths": null,
    "photo_path": null
  }
},
{
  "model": "Visit.pharmacyvisit",
  "pk": 1,
  "fields": {
    "visit_id": 2148883464,
    "name_of_chemist": "gaythri chemist",
    "address": "123, banglore, karnataka",
    "city": "banglore",
    "state": "karnataka",
    "gst_number": "121313131313",
    "drug_license_number": "12121213313",
    "questions": [],
    "answers": null,
    "document_paths": null,
    "photo_path": null
  }
},
{
  "model": "Visit.pharmacyvisit",
  "pk": 2,
  "fields": {
    "visit_id": 7411801087,
    "name_of_chemist": "gaurav chemist",
    "address": "123, NASIK",
    "city": "NASIK",
    "state": "Maharashtra",
    "gst_number": "121313131313",
    "drug_license_number": "12121213313",
    "questions": [],
    "answers": null,
    "document_paths": null,
    "photo_path": null
  }
},
{
  "model": "Visit.pharmacyvisit",
  "pk": 3,
  "fields": {
    "visit_id": 6471853350,
    "name_of_chemist": "national insitiute",
    "address": "123, banglore, karnataka",
    "city": "banglore",
    "state": "karnataka",
    "gst_number": "121313131313",
    "drug_license_number": "12121213313",
    "questions": [],
    "answers": null,
    "document_paths": null,
    "photo_path": null
  }
},
{
  "model": "Visit.pharmacyvisit",
  "pk": 4,
  "fields": {
    "visit_id": 2556552645,
    "name_of_chemist": "gaythri chemist",
    "address": "123, banglore, karnataka",
    "city": "Mumbai",
    "state": "Maharashtra",
    "gst_number": "121313131313",
    "drug_license_number": "12121213313",
    "questions": [],
    "answers": null,
    "document_paths": null,
    "photo_path": null
  }
},
{
  "model": "Visit.pharmacyvisit",
  "pk": 5,
  "fields": {
    "visit_id": 4840723946,
    "name_of_chemist": "Dr Rela Institute & Medical Centre",
    "address": "mubai",
    "city": "Mumbai",
    "state": "Maharashtra",
    "gst_number": "121313131313",
    "drug_license_number": "12121213313",
    "questions": [],
    "answers": null,
    "document_paths": null,
    "photo_path": null
  }
},
{
  "model": "Visit.pharmacyvisit",
  "pk": 6,
  "fields": {
    "visit_id": 2080988275,
    "name_of_chemist": "gaythri chemist",
    "address": "123, banglore, karnataka",
    "city": "Chennai",
    "state": "Tamilnadu",
    "gst_number": "121313131313",
    "drug_license_number": "12121213313",
    "questions": [
      "2"
    ],
    "answers": null,
    "document_paths": null,
    "photo_path": null
  }
},
{
  "model": "Visit.pharmacyvisit",
  "pk": 7,
  "fields": {
    "visit_id": 3035020180,
    "name_of_chemist": "Sameer Parbhate",
    "address": "123, banglore, karnataka",
    "city": "Mumbai",
    "state": "Maharashtra",
    "gst_number": "121313131313",
    "drug_license_number": "12121213313",
    "questions": [
      "1",
      "2",
      "3"
    ],
    "answers": null,
    "document_paths": null,
    "photo_path": null
  }
},
{
  "model": "Question.question",
  "pk": 1,
  "fields": {
    "question": "Kindly verify Lab Reports"
  }
},
{
  "model": "Question.question",
  "pk": 2,
  "fields": {
    "question": "Kindly do Treating doctor visit and collect statement ?"
  }
},
{
  "model": "Question.question",
  "pk": 3,
  "fields": {
    "question": "Kindly collect Pathologist Registration number ? "
  }
},
{
  "model": "Reports.claimreport",
  "pk": 1,
  "fields": {
    "case_id": 1019,
    "claim_number": "220101256304",
    "policy_number": "12589",
    "insured_name": "Mnurl",
    "claimant_name": "NInger",
    "sum_insured": "500000.00",
    "nature_of_loss": "Insured alive",
    "policy_type": "Group",
    "channel_sourcing": "E Channel",
    "family_member": "5",
    "relation_with_insured": "Self",
    "insured_occupation": "Employee",
    "claimant_occupation": "Health Sector",
    "event_details": "As per collected documents 19 years female was admitted in MGM Hospital under care of Dr.Anand Nikalje from DOA- 15/12/2024 to DOD- 17/12/2024. Insured was admitted with C/O fever, runny nose, giddiness, loss of consciousness since 30 min. Diagnose as Viral Fever. As per ICP discrepancy noted at the time of admission vital are normal & all lab investigation WNL, no any antibiotics given, no any fever spike noted no any antibiotics given.Indicating that the hospital's documentation may have been created solely to justify the hospitalization and the validity of the claim. Based on the above discrepancies, claim is repudiated, recommending for non-payable. 521560",
    "current_condition": "Stable",
    "other_insurance": "No",
    "mlc_done": false,
    "post_mortem_done": false,
    "casuality_note": "As per collected documents 19 years female was admitted in MGM Hospital under care of Dr.Anand Nikalje from DOA- 15/12/2024 to DOD- 17/12/2024. Insured was admitted with C/O fever, runny nose, giddiness, loss of consciousness since 30 min. Diagnose as Viral Fever. As per ICP discrepancy noted at the time of admission vital are normal & all lab investigation WNL, no any antibiotics given, no any fever spike noted no any antibiotics given.Indicating that the hospital's documentation may have been created solely to justify the hospitalization and the validity of the claim. Based on the above discrepancies, claim is repudiated, recommending for non-payable. 521560",
    "hospital_visit_details": "As per collected documents 19 years female was admitted in MGM Hospital under care of Dr.Anand Nikalje from DOA- 15/12/2024 to DOD- 17/12/2024. Insured was admitted with C/O fever, runny nose, giddiness, loss of consciousness since 30 min. Diagnose as Viral Fever. As per ICP discrepancy noted at the time of admission vital are normal & all lab investigation WNL, no any antibiotics given, no any fever spike noted no any antibiotics given.Indicating that the hospital's documentation may have been created solely to justify the hospitalization and the validity of the claim. Based on the above discrepancies, claim is repudiated, recommending for non-payable. 521560",
    "verification_details": null,
    "final_report": null,
    "case_summary": null,
    "police_document_verified": "No",
    "pm_centre_name": "No",
    "cause_of_death": "No",
    "viscera_status": "No",
    "pm_verified": false,
    "photos": "Hospital Photos, LAb reports, IPD Register, LAB Report, Bills, Treating r. statement, insured statement",
    "witness": "No",
    "description": "Not provided",
    "dl_name": "No",
    "dl_validity": "2020-11-21",
    "cov": "1",
    "online_portal_check": "0",
    "total_person_inquired": 1,
    "vicinity_check_details": "As per collected documents 19 years female was admitted in MGM Hospital under care of Dr.Anand Nikalje from DOA- 15/12/2024 to DOD- 17/12/2024. Insured was admitted with C/O fever, runny nose, giddiness, loss of consciousness since 30 min. Diagnose as Viral Fever. As per ICP discrepancy noted at the time of admission vital are normal & all lab investigation WNL, no any antibiotics given, no any fever spike noted no any antibiotics given.Indicating that the hospital's documentation may have been created solely to justify the hospitalization and the validity of the claim. Based on the above discrepancies, claim is repudiated, recommending for non-payable. 521560",
    "media_date": "2020-12-12",
    "media_details": "As per collected documents 19 years female was admitted in MGM Hospital under care of Dr.Anand Nikalje from DOA- 15/12/2024 to DOD- 17/12/2024. Insured was admitted with C/O fever, runny nose, giddiness, loss of consciousness since 30 min. Diagnose as Viral Fever. As per ICP discrepancy noted at the time of admission vital are normal & all lab investigation WNL, no any antibiotics given, no any fever spike noted no any antibiotics given.Indicating that the hospital's documentation may have been created solely to justify the hospitalization and the validity of the claim. Based on the above discrepancies, claim is repudiated, recommending for non-payable. 521560",
    "other_insurance_company": "NA",
    "claim_status": "Investigation done",
    "conclusion": "As per collected documents 19 years female was admitted in MGM Hospital under care of Dr.Anand Nikalje from DOA- 15/12/2024 to DOD- 17/12/2024. Insured was admitted with C/O fever, runny nose, giddiness, loss of consciousness since 30 min. Diagnose as Viral Fever. As per ICP discrepancy noted at the time of admission vital are normal & all lab investigation WNL, no any antibiotics given, no any fever spike noted no any antibiotics given.Indicating that the hospital's documentation may have been created solely to justify the hospitalization and the validity of the claim. Based on the above discrepancies, claim is repudiated, recommending for non-payable. 521560",
    "intimation_date": "2024-01-12",
    "report_closed_date": "2025-12-01",
    "turn_around_time": 1,
    "iclm_recommendation": "Payable",
    "investigator_name": "Mahesh",
    "state_manager_name": "Sameer",
    "central_manager_name": "Deepmala"
  }
},
{
  "model": "UserRole.userdetail",
  "fields": {
    "password": "pbkdf2_sha256$870000$pcVBbRRJNMbaxQAjTEPibG$V1vaU1CdBYJHucTnt9M7ZJdtUgSEW39XlMNKPpq4Y00=",
    "last_login": "2025-01-26T20:54:37.990Z",
    "is_superuser": true,
    "username": "AD9242849082",
    "first_name": "",
    "last_name": "",
    "email": "admin@admin.com",
    "is_staff": true,
    "is_active": true,
    "date_joined": "2024-12-30T09:47:45.863Z",
    "role": "admin",
    "user_id": "AD9242849082",
    "name": "Admin",
    "contact_number": "1234567890",
    "city": "Ahmedabad",
    "state": "Gujarat",
    "device_id": "fZjLFRKnR8ajBI9jZgGcGh:APA91bGRRRgYm9T9w-pe0qh5RmsjK1OoN6Y1l2QIkveCpxi7iwQsldxOrBK6U514-kOdE_N0Fqhk70nEnBvayq15A5Tq0Yy5a2RXTdP3am-087iKBZLUgzE",
    "groups": [],
    "user_permissions": []
  }
},
{
  "model": "UserRole.userdetail",
  "fields": {
    "password": "pbkdf2_sha256$870000$nw2vq5HeIIWWrrI20cpmOj$MkUmIqW4hN9yUUi/3okZA7dHYN6yg2I43d9hnLi9430=",
    "last_login": "2025-01-24T09:36:54.573Z",
    "is_superuser": false,
    "username": "HO1215113527",
    "first_name": "",
    "last_name": "",
    "email": "drnandkishors@ericsonhealthcare.com",
    "is_staff": false,
    "is_active": true,
    "date_joined": "2024-12-30T12:33:37Z",
    "role": "hod",
    "user_id": "HO1215113527",
    "name": "Dr Nandkishor  Sonawane",
    "contact_number": "8828424905",
    "city": "Mumbai",
    "state": "Maharashtra",
    "device_id": "",
    "groups": [],
    "user_permissions": []
  }
},
{
  "model": "UserRole.userdetail",
  "fields": {
    "password": "pbkdf2_sha256$870000$yvIffnarTw3L8f98TWyY3y$NvOVMyiY7Rq6F7Er7G2gw7md1E72DUMCdCxPQBuCm+Y=",
    "last_login": "2025-01-26T21:01:24.999Z",
    "is_superuser": false,
    "username": "MO2464589212",
    "first_name": "",
    "last_name": "",
    "email": "deepmala@ericsonhelathcare.com",
    "is_staff": false,
    "is_active": true,
    "date_joined": "2024-12-31T04:51:18.619Z",
    "role": "medical_officer",
    "user_id": "MO2464589212",
    "name": "Deepmala T",
    "contact_number": "9152007955",
    "city": "mumbai",
    "state": "Mumbai",
    "device_id": "",
    "groups": [],
    "user_permissions": []
  }
},
{
  "model": "UserRole.userdetail",
  "fields": {
    "password": "pbkdf2_sha256$870000$pcVBbRRJNMbaxQAjTEPibG$V1vaU1CdBYJHucTnt9M7ZJdtUgSEW39XlMNKPpq4Y00=",
    "last_login": "2025-01-26T20:51:59.473Z",
    "is_superuser": false,
    "username": "IO2096667455",
    "first_name": "",
    "last_name": "",
    "email": "mahesh123kadam@gmail.com",
    "is_staff": false,
    "is_active": true,
    "date_joined": "2024-12-31T04:58:53Z",
    "role": "investigator",
    "user_id": "IO2096667455",
    "name": "Mahesh Kadam",
    "contact_number": "7208042978",
    "city": "mumbai",
    "state": "Maharashtra",
    "device_id": null,
    "groups": [],
    "user_permissions": []
  }
},
{
  "model": "UserRole.userdetail",
  "fields": {
    "password": "pbkdf2_sha256$870000$b5nRpzwKEbbQQjwApejr1k$81OiFbpbXriVduHjtLzQuLeXKkMCUS3KS7X5AqBSLgE=",
    "last_login": "2025-01-23T10:50:07.859Z",
    "is_superuser": false,
    "username": "DE8004001489",
    "first_name": "",
    "last_name": "",
    "email": "nileshnyayanit@gmail.com",
    "is_staff": false,
    "is_active": true,
    "date_joined": "2024-12-31T05:17:37.565Z",
    "role": "data_entry_personnel",
    "user_id": "DE8004001489",
    "name": "Nilesh N",
    "contact_number": "8149327390",
    "city": "Mumbai",
    "state": "Maharashtra",
    "device_id": "",
    "groups": [],
    "user_permissions": []
  }
},
{
  "model": "UserRole.userdetail",
  "fields": {
    "password": "pbkdf2_sha256$870000$5v4czmaTGCkLd6SMoRuqRq$qf8y/75DCTJYfYG/I37cnXOmVLvua8ncPe0vWp92dDU=",
    "last_login": "2025-01-23T10:47:27.759Z",
    "is_superuser": false,
    "username": "CO3070257634",
    "first_name": "",
    "last_name": "",
    "email": "fasttrack@ericsonhealthcare.com",
    "is_staff": false,
    "is_active": true,
    "date_joined": "2024-12-31T05:31:02Z",
    "role": "coordinator",
    "user_id": "CO3070257634",
    "name": "Sameer Parbhate",
    "contact_number": "08291582125",
    "city": "Mumbai",
    "state": "Maharashtra",
    "device_id": "",
    "groups": [],
    "user_permissions": []
  }
},
{
  "model": "UserRole.userdetail",
  "fields": {
    "password": "pbkdf2_sha256$870000$LbwnBScfWAHa8P6Bmwo6pX$t5n2bg4rdWhuwXAilTtyP37a4RVPhzY5pKWmApuj/58=",
    "last_login": "2025-01-15T09:24:38.054Z",
    "is_superuser": false,
    "username": "HO4511418465",
    "first_name": "",
    "last_name": "",
    "email": "chetan@admin.com",
    "is_staff": false,
    "is_active": true,
    "date_joined": "2024-12-31T06:44:38.513Z",
    "role": "hod",
    "user_id": "HO4511418465",
    "name": "Chetan Sagathiya",
    "contact_number": "7283940983",
    "city": "Ahmedabad",
    "state": "Gujarat",
    "device_id": "",
    "groups": [],
    "user_permissions": []
  }
},
{
  "model": "UserRole.userdetail",
  "fields": {
    "password": "pbkdf2_sha256$870000$mkZ2ntD8b6EinqLgJMWTKt$U/sIDwnHXe6xK0JN/SSSceWzWtM7Ix6iE2ZWiRtZ5qk=",
    "last_login": "2025-01-28T10:05:30.499Z",
    "is_superuser": false,
    "username": "CO2122490557",
    "first_name": "",
    "last_name": "",
    "email": "flutter@app.com",
    "is_staff": false,
    "is_active": true,
    "date_joined": "2025-01-11T19:57:58Z",
    "role": "coordinator",
    "user_id": "CO2122490557",
    "name": "Divyam Shah",
    "contact_number": "08754511196",
    "city": "Ahmedabad",
    "state": "Gujarat",
    "device_id": "eZP68AdPaUr0uKWeiT2r0s:APA91bGmzyzq4mktQqHX6JrPYou5njcsDRcbwW1dVMKwFvdvdfdw2y3hLSZlC8EnMaQcuIjPC-8zMiRFknx8-sc5zif3hLzIjqCBFjug3ODNuZi-aHyyDto",
    "groups": [],
    "user_permissions": []
  }
},
{
  "model": "UserRole.userdetail",
  "fields": {
    "password": "pbkdf2_sha256$870000$OZGSaEMMxm8tY5tVx3LzA7$sESR/jTe6sqDqbfrHRIBXQPzfGeuQwPihc3WApp3auQ=",
    "last_login": null,
    "is_superuser": false,
    "username": "HO4542620884",
    "first_name": "",
    "last_name": "",
    "email": "drrakshanar@ericsontpa.com",
    "is_staff": false,
    "is_active": true,
    "date_joined": "2025-01-16T09:02:14.387Z",
    "role": "hod",
    "user_id": "HO4542620884",
    "name": "Dr. Rakshana R",
    "contact_number": "8976881608",
    "city": "CHENNAI",
    "state": "TAMILNADU",
    "device_id": "",
    "groups": [],
    "user_permissions": []
  }
},
{
  "model": "UserRole.userdetail",
  "fields": {
    "password": "pbkdf2_sha256$870000$GQFmi2kZMvV4tgrGC50IJy$V1Q7KjukSDwbZk7S/aOTpHUUk4AMGl7N/J9vP4gV5kg=",
    "last_login": null,
    "is_superuser": false,
    "username": "HO7234873771",
    "first_name": "",
    "last_name": "",
    "email": "investigationhealthcare2@ericsonhealthcare.com",
    "is_staff": false,
    "is_active": true,
    "date_joined": "2025-01-16T09:04:46.400Z",
    "role": "hod",
    "user_id": "HO7234873771",
    "name": "Dr.Komal S",
    "contact_number": "7208898763",
    "city": "Mumbai",
    "state": "Maharashtra",
    "device_id": "",
    "groups": [],
    "user_permissions": []
  }
},
{
  "model": "UserRole.userdetail",
  "fields": {
    "password": "pbkdf2_sha256$870000$5nr3S1f9760SNheL1QIpZ5$o/SHhT0bhTQBzuv/A0rVjZ5Wzs2T6mWUuNxkuQvX3is=",
    "last_login": "2025-01-22T05:53:59.890Z",
    "is_superuser": false,
    "username": "HO7729685891",
    "first_name": "",
    "last_name": "",
    "email": "drantrikshp@ericsonhealthcare.com",
    "is_staff": false,
    "is_active": true,
    "date_joined": "2025-01-16T09:37:01.740Z",
    "role": "hod",
    "user_id": "HO7729685891",
    "name": "Dr.Antriksh P",
    "contact_number": "9926665436",
    "city": "INDORE",
    "state": "MADHYA PRADESH",
    "device_id": "",
    "groups": [],
    "user_permissions": []
  }
},
{
  "model": "UserRole.userdetail",
  "fields": {
    "password": "pbkdf2_sha256$870000$0tygNrhAJmMwflJ6AyD1yB$eLOfqXoe1fb0JDnViriWbq2fdTyHYPJsGZlhrPu5KG8=",
    "last_login": null,
    "is_superuser": false,
    "username": "CO8049220510",
    "first_name": "",
    "last_name": "",
    "email": "rspaymant@ericsontpa.com",
    "is_staff": false,
    "is_active": true,
    "date_joined": "2025-01-16T09:40:47.597Z",
    "role": "coordinator",
    "user_id": "CO8049220510",
    "name": "Ashwini K",
    "contact_number": "8097516520",
    "city": "Mumbai",
    "state": "Maharashtra",
    "device_id": "",
    "groups": [],
    "user_permissions": []
  }
},
{
  "model": "UserRole.userdetail",
  "fields": {
    "password": "pbkdf2_sha256$870000$ggEL8Y7pfVmxFDUTpmEmvL$KdQsvo1OBpLB58sgu/31HXibx6RKTyC+2g9iyAgELIE=",
    "last_login": "2025-01-21T11:46:35.061Z",
    "is_superuser": false,
    "username": "HO4125258965",
    "first_name": "",
    "last_name": "",
    "email": "manuel@ericsontpa.com",
    "is_staff": false,
    "is_active": true,
    "date_joined": "2025-01-16T09:43:27.590Z",
    "role": "hod",
    "user_id": "HO4125258965",
    "name": "Manuel N",
    "contact_number": "9137586493",
    "city": "Mumbai",
    "state": "Maharashtra",
    "device_id": "",
    "groups": [],
    "user_permissions": []
  }
},
{
  "model": "UserRole.userdetail",
  "fields": {
    "password": "pbkdf2_sha256$870000$oUkAlviwaSlOyG0p5Hetxa$8Ix7zwDBGae6Sl3p1u2sW8oLctVSOPZoDXT1lFTvpMM=",
    "last_login": "2025-01-22T14:56:58.495Z",
    "is_superuser": false,
    "username": "IO5839402619",
    "first_name": "",
    "last_name": "",
    "email": "investigationhealthcare5@ericsonhealthcare.com",
    "is_staff": false,
    "is_active": true,
    "date_joined": "2025-01-16T11:17:53.711Z",
    "role": "investigator",
    "user_id": "IO5839402619",
    "name": "Chandrashekar Zende",
    "contact_number": "8169259289",
    "city": "Mumbai",
    "state": "Maharashtra",
    "device_id": "",
    "groups": [],
    "user_permissions": []
  }
},
{
  "model": "UserRole.userdetail",
  "fields": {
    "password": "pbkdf2_sha256$870000$ciix9vP5SVwmMMHSCIJmq3$wF+LUQ+AJqio4NCxCxi/l0vQ6Zz/9tvo+mVvbX1ZXws=",
    "last_login": "2025-01-23T07:17:35.855Z",
    "is_superuser": false,
    "username": "IO9337503997",
    "first_name": "",
    "last_name": "",
    "email": "ajitkumar@gmail.com",
    "is_staff": false,
    "is_active": true,
    "date_joined": "2025-01-23T07:03:30.930Z",
    "role": "investigator",
    "user_id": "IO9337503997",
    "name": "Ajit kumar",
    "contact_number": "9292929292",
    "city": "SURAT",
    "state": "Gujrat",
    "device_id": "",
    "groups": [],
    "user_permissions": []
  }
},
{
  "model": "UserRole.userdetail",
  "fields": {
    "password": "pbkdf2_sha256$870000$vpxDS7zneeV6m4j8ixVr8l$iziNV8QuAIJ7MbBhAYGeX915wfOo8hY9+0f+6L8LAQA=",
    "last_login": "2025-01-23T10:29:03.738Z",
    "is_superuser": false,
    "username": "IO8349562202",
    "first_name": "",
    "last_name": "",
    "email": "Parthibenp@gmail.com",
    "is_staff": false,
    "is_active": true,
    "date_joined": "2025-01-23T07:04:50.872Z",
    "role": "investigator",
    "user_id": "IO8349562202",
    "name": "Parthiben P",
    "contact_number": "1231231234",
    "city": "Chennai",
    "state": "Tamilnadu",
    "device_id": "",
    "groups": [],
    "user_permissions": []
  }
},
{
  "model": "UserRole.userdetail",
  "fields": {
    "password": "pbkdf2_sha256$870000$CC7hor14253RfyUMLXC9Ab$CM6R9ooN9pQTF+wtyl72BP2oYo57gAHfLwXxDjx0JJg=",
    "last_login": "2025-01-28T18:17:21.525Z",
    "is_superuser": false,
    "username": "HO5324093853",
    "first_name": "",
    "last_name": "",
    "email": "apple@test.com",
    "is_staff": false,
    "is_active": true,
    "date_joined": "2025-01-26T18:05:55.609Z",
    "role": "hod",
    "user_id": "HO5324093853",
    "name": "Apple Test Account",
    "contact_number": "0000000000",
    "city": "Ahmedabad",
    "state": "Gujarat",
    "device_id": "dvx67kRbkEBGuzvytO_Y9Y:APA91bH4GZpuZyH7-7S3kdg0vGEkZfbEELBLiV9xl3_jLbp_pRkSR-GNkWi3Q-3UtL5b7au-focdGILRUTZBvw4H6_BpuwkWZ053L6UA8NIxOSFGE0FRtwE",
    "groups": [],
    "user_permissions": []
  }
},
{
  "model": "admin.logentry",
  "pk": 1,
  "fields": {
    "action_time": "2024-12-31T05:58:11.338Z",
    "user": [
      "AD9242849082"
    ],
    "content_type": [
      "UserRole",
      "userdetail"
    ],
    "object_id": "2",
    "object_repr": "HO1215113527",
    "action_flag": 2,
    "change_message": "[{\"changed\": {\"fields\": [\"State\"]}}]"
  }
},
{
  "model": "admin.logentry",
  "pk": 2,
  "fields": {
    "action_time": "2024-12-31T06:06:26.807Z",
    "user": [
      "AD9242849082"
    ],
    "content_type": [
      "UserRole",
      "userdetail"
    ],
    "object_id": "4",
    "object_repr": "IO2096667455",
    "action_flag": 2,
    "change_message": "[{\"changed\": {\"fields\": [\"Password\"]}}]"
  }
},
{
  "model": "admin.logentry",
  "pk": 3,
  "fields": {
    "action_time": "2024-12-31T06:53:47.887Z",
    "user": [
      "AD9242849082"
    ],
    "content_type": [
      "UserRole",
      "userdetail"
    ],
    "object_id": "6",
    "object_repr": "CO3070257634",
    "action_flag": 2,
    "change_message": "[{\"changed\": {\"fields\": [\"Name\"]}}]"
  }
},
{
  "model": "admin.logentry",
  "pk": 4,
  "fields": {
    "action_time": "2025-01-11T20:04:21.494Z",
    "user": [
      "AD9242849082"
    ],
    "content_type": [
      "Case",
      "case"
    ],
    "object_id": "5",
    "object_repr": "Case object (5)",
    "action_flag": 2,
    "change_message": "[{\"changed\": {\"fields\": [\"Hod id\", \"Document paths\"]}}]"
  }
},
{
  "model": "admin.logentry",
  "pk": 5,
  "fields": {
    "action_time": "2025-01-11T20:05:10.586Z",
    "user": [
      "AD9242849082"
    ],
    "content_type": [
      "Case",
      "case"
    ],
    "object_id": "5",
    "object_repr": "Case object (5)",
    "action_flag": 2,
    "change_message": "[{\"changed\": {\"fields\": [\"Document paths\"]}}]"
  }
},
{
  "model": "admin.logentry",
  "pk": 6,
  "fields": {
    "action_time": "2025-01-11T20:20:52.850Z",
    "user": [
      "AD9242849082"
    ],
    "content_type": [
      "Case",
      "case"
    ],
    "object_id": "5",
    "object_repr": "Case object (5)",
    "action_flag": 2,
    "change_message": "[{\"changed\": {\"fields\": [\"Document paths\"]}}]"
  }
},
{
  "model": "admin.logentry",
  "pk": 7,
  "fields": {
    "action_time": "2025-01-13T05:23:11.684Z",
    "user": [
      "AD9242849082"
    ],
    "content_type": [
      "UserRole",
      "userdetail"
    ],
    "object_id": "8",
    "object_repr": "CO2122490557",
    "action_flag": 2,
    "change_message": "[{\"changed\": {\"fields\": [\"Name\"]}}]"
  }
},
{
  "model": "admin.logentry",
  "pk": 8,
  "fields": {
    "action_time": "2025-01-15T09:33:06.262Z",
    "user": [
      "AD9242849082"
    ],
    "content_type": [
      "UserRole",
      "userdetail"
    ],
    "object_id": "4",
    "object_repr": "IO2096667455",
    "action_flag": 2,
    "change_message": "[]"
  }
}
]
